{"stats":{"minecraft:broken":{"minecraft:stone_sword":1,"minecraft:stone_pickaxe":1,"minecraft:shield":2,"minecraft:golden_axe":1,"minecraft:golden_pickaxe":1},"minecraft:mined":{"minecraft:white_bed":3,"minecraft:deepslate_diamond_ore":11,"minecraft:budding_amethyst":1,"minecraft:grass_block":13,"minecraft:hay_block":51,"minecraft:furnace":8,"minecraft:iron_ore":81,"minecraft:andesite":29,"minecraft:deepslate_lapis_ore":2,"minecraft:deepslate_iron_ore":23,"minecraft:stone":175,"minecraft:crafting_table":9,"minecraft:short_grass":93,"minecraft:emerald_ore":3,"minecraft:calcite":3,"minecraft:chest":8,"minecraft:rose_bush":1,"minecraft:sculk_sensor":1,"minecraft:cobblestone":9,"minecraft:tall_grass":29,"minecraft:lapis_ore":2,"minecraft:deepslate_gold_ore":1,"minecraft:oak_planks":4,"minecraft:sugar_cane":11,"minecraft:diorite":14,"minecraft:amethyst_block":3,"minecraft:birch_log":5,"minecraft:birch_leaves":2,"minecraft:yellow_bed":10,"minecraft:oak_log":20,"minecraft:coal_ore":105,"minecraft:sunflower":11,"minecraft:dirt":13,"minecraft:smooth_basalt":4,"minecraft:deepslate":10,"minecraft:oak_leaves":6},"minecraft:killed_by":{"minecraft:creeper":1,"minecraft:skeleton":4,"minecraft:zombie":1},"minecraft:custom":{"minecraft:mob_kills":113,"minecraft:interact_with_crafting_table":35,"minecraft:bell_ring":2,"minecraft:leave_game":5,"minecraft:time_since_death":8809,"minecraft:climb_one_cm":856,"minecraft:sprint_one_cm":431220,"minecraft:walk_one_cm":281850,"minecraft:damage_blocked_by_shield":6044,"minecraft:drop":58,"minecraft:play_time":180230,"minecraft:deaths":7,"minecraft:sneak_time":19017,"minecraft:walk_under_water_one_cm":17091,"minecraft:boat_one_cm":247717,"minecraft:jump":5342,"minecraft:walk_on_water_one_cm":38977,"minecraft:total_world_time":180230,"minecraft:interact_with_furnace":44,"minecraft:sleep_in_bed":11,"minecraft:time_since_rest":8837,"minecraft:damage_taken":5258,"minecraft:damage_dealt":13710,"minecraft:swim_one_cm":70254,"minecraft:fly_one_cm":979462,"minecraft:open_chest":41,"minecraft:crouch_one_cm":46171,"minecraft:fall_one_cm":145087},"minecraft:used":{"minecraft:rose_bush":1,"minecraft:stone_sword":171,"minecraft:chest":13,"minecraft:shield":104,"minecraft:cooked_chicken":5,"minecraft:iron_chestplate":1,"minecraft:oak_door":3,"minecraft:torch":41,"minecraft:dirt":16,"minecraft:carrot":1,"minecraft:golden_chestplate":2,"minecraft:iron_axe":60,"minecraft:birch_sapling":1,"minecraft:iron_helmet":1,"minecraft:iron_boots":1,"minecraft:golden_sword":1,"minecraft:furnace":7,"minecraft:egg":5,"minecraft:cooked_beef":8,"minecraft:cobbled_deepslate":9,"minecraft:iron_leggings":2,"minecraft:golden_axe":40,"minecraft:cooked_mutton":14,"minecraft:diorite":13,"minecraft:birch_planks":1,"minecraft:stone_pickaxe":131,"minecraft:oak_planks":23,"minecraft:wooden_pickaxe":42,"minecraft:crafting_table":10,"minecraft:white_bed":2,"minecraft:bread":25,"minecraft:iron_pickaxe":285,"minecraft:stone_axe":71,"minecraft:cobblestone":165,"minecraft:cooked_porkchop":8,"minecraft:andesite":27,"minecraft:yellow_bed":8,"minecraft:oak_boat":9,"minecraft:golden_pickaxe":32},"minecraft:dropped":{"minecraft:birch_planks":2,"minecraft:wheat_seeds":15,"minecraft:cooked_beef":4,"minecraft:oak_log":1,"minecraft:coal":26,"minecraft:stick":4,"minecraft:flint":1,"minecraft:diorite":1,"minecraft:ink_sac":3,"minecraft:pumpkin":10,"minecraft:sunflower":10,"minecraft:string":3,"minecraft:pink_petals":2,"minecraft:iron_nugget":1,"minecraft:cooked_chicken":1,"minecraft:chicken":9,"minecraft:rotten_flesh":5,"minecraft:white_bed":3,"minecraft:carrot":1,"minecraft:andesite":2,"minecraft:chest":3,"minecraft:wooden_shovel":1,"minecraft:spider_eye":1,"minecraft:wooden_pickaxe":1},"minecraft:crafted":{"minecraft:oak_door":3,"minecraft:oak_planks":76,"minecraft:cooked_chicken":6,"minecraft:furnace":2,"minecraft:cooked_mutton":47,"minecraft:iron_boots":2,"minecraft:iron_axe":1,"minecraft:stone_pickaxe":1,"minecraft:chest":6,"minecraft:wheat":306,"minecraft:cooked_beef":8,"minecraft:cooked_porkchop":8,"minecraft:crafting_table":2,"minecraft:wooden_pickaxe":1,"minecraft:iron_helmet":2,"minecraft:birch_planks":20,"minecraft:bread":102,"minecraft:air":0,"minecraft:oak_boat":1,"minecraft:iron_chestplate":2,"minecraft:shield":4,"minecraft:stick":32,"minecraft:iron_pickaxe":3,"minecraft:iron_ingot":61,"minecraft:stone_sword":1,"minecraft:iron_leggings":2,"minecraft:white_bed":3,"minecraft:torch":48},"minecraft:picked_up":{"minecraft:crafting_table":11,"minecraft:chicken":51,"minecraft:golden_pickaxe":1,"minecraft:wooden_pickaxe":1,"minecraft:shield":2,"minecraft:amethyst_block":3,"minecraft:string":14,"minecraft:cobbled_deepslate":9,"minecraft:beef":322,"minecraft:oak_boat":8,"minecraft:rose_bush":1,"minecraft:calcite":3,"minecraft:iron_nugget":18,"minecraft:wooden_shovel":1,"minecraft:iron_pickaxe":5,"minecraft:light_gray_wool":4,"minecraft:sugar_cane":167,"minecraft:chest":10,"minecraft:birch_sapling":1,"minecraft:egg":5,"minecraft:furnace":16,"minecraft:stick":38,"minecraft:raw_iron":129,"minecraft:torch":1,"minecraft:porkchop":151,"minecraft:golden_axe":1,"minecraft:diorite":16,"minecraft:carrot":3,"minecraft:golden_chestplate":1,"minecraft:rabbit_foot":3,"minecraft:stone_sword":1,"minecraft:arrow":23,"minecraft:rotten_flesh":41,"minecraft:hay_block":120,"minecraft:mutton":240,"minecraft:obsidian":3,"minecraft:cobblestone":281,"minecraft:white_wool":111,"minecraft:birch_log":10,"minecraft:pink_petals":2,"minecraft:leather_chestplate":1,"minecraft:feather":90,"minecraft:cooked_beef":7,"minecraft:salmon":11,"minecraft:andesite":31,"minecraft:leather":162,"minecraft:potato":19,"minecraft:filled_map":1,"minecraft:birch_planks":8,"minecraft:flint":4,"minecraft:oak_log":20,"minecraft:yellow_bed":30,"minecraft:lapis_lazuli":22,"minecraft:dirt":39,"minecraft:leather_boots":1,"minecraft:cooked_mutton":123,"minecraft:bone":22,"minecraft:acacia_planks":9,"minecraft:bow":1,"minecraft:wheat_seeds":80,"minecraft:raw_gold":1,"minecraft:cooked_chicken":3,"minecraft:stone_pickaxe":2,"minecraft:iron_ingot":37,"minecraft:oak_planks":418,"minecraft:smooth_basalt":4,"minecraft:birch_boat":1,"minecraft:pumpkin":22,"minecraft:blast_furnace":1,"minecraft:ink_sac":3,"minecraft:white_bed":22,"minecraft:spider_eye":2,"minecraft:diamond":11,"minecraft:stone_axe":6,"minecraft:granite":3,"minecraft:gray_wool":8,"minecraft:emerald":24,"minecraft:bread":321,"minecraft:black_wool":9,"minecraft:coal":266,"minecraft:sunflower":12},"minecraft:killed":{"minecraft:spider":4,"minecraft:skeleton":10,"minecraft:horse":4,"minecraft:chicken":8,"minecraft:pig":13,"minecraft:zombie_villager":1,"minecraft:salmon":11,"minecraft:iron_golem":1,"minecraft:creeper":1,"minecraft:sheep":27,"minecraft:zombie":15,"minecraft:cow":17}},"DataVersion":3953}