{"stats":{"minecraft:mined":{"minecraft:crafting_table":2,"minecraft:short_grass":52,"minecraft:grass_block":6,"minecraft:rose_bush":1,"minecraft:tall_grass":17,"minecraft:sugar_cane":7,"minecraft:furnace":3,"minecraft:birch_log":5,"minecraft:birch_leaves":2,"minecraft:oak_log":5,"minecraft:sunflower":11,"minecraft:dirt":6,"minecraft:stone":19,"minecraft:oak_leaves":5},"minecraft:killed_by":{"minecraft:skeleton":1},"minecraft:custom":{"minecraft:interact_with_furnace":19,"minecraft:mob_kills":55,"minecraft:interact_with_crafting_table":7,"minecraft:time_since_death":14067,"minecraft:time_since_rest":14115,"minecraft:sprint_one_cm":75531,"minecraft:damage_taken":941,"minecraft:walk_one_cm":69229,"minecraft:drop":5,"minecraft:damage_dealt":5316,"minecraft:swim_one_cm":1561,"minecraft:fly_one_cm":232765,"minecraft:open_chest":2,"minecraft:crouch_one_cm":4957,"minecraft:play_time":29027,"minecraft:deaths":1,"minecraft:sneak_time":2232,"minecraft:walk_under_water_one_cm":169,"minecraft:jump":1062,"minecraft:walk_on_water_one_cm":1627,"minecraft:total_world_time":29027,"minecraft:fall_one_cm":31837},"minecraft:used":{"minecraft:cooked_mutton":2,"minecraft:rose_bush":1,"minecraft:stone_sword":154,"minecraft:wooden_pickaxe":24,"minecraft:dirt":7,"minecraft:crafting_table":2,"minecraft:birch_sapling":1,"minecraft:furnace":3,"minecraft:cooked_porkchop":2,"minecraft:egg":1,"minecraft:cooked_beef":5,"minecraft:golden_axe":13},"minecraft:dropped":{"minecraft:cooked_beef":4,"minecraft:white_bed":2,"minecraft:sunflower":3},"minecraft:crafted":{"minecraft:cooked_beef":8,"minecraft:oak_planks":20,"minecraft:cooked_porkchop":8,"minecraft:crafting_table":1,"minecraft:cooked_chicken":6,"minecraft:wooden_pickaxe":1,"minecraft:furnace":2,"minecraft:birch_planks":20,"minecraft:air":0,"minecraft:stick":4,"minecraft:stone_sword":1,"minecraft:white_bed":3},"minecraft:picked_up":{"minecraft:birch_log":10,"minecraft:crafting_table":3,"minecraft:feather":14,"minecraft:cooked_beef":7,"minecraft:chicken":14,"minecraft:leather":29,"minecraft:wooden_pickaxe":1,"minecraft:birch_planks":2,"minecraft:flint":1,"minecraft:oak_log":5,"minecraft:string":1,"minecraft:dirt":16,"minecraft:cooked_mutton":2,"minecraft:wheat_seeds":7,"minecraft:beef":63,"minecraft:rose_bush":1,"minecraft:iron_nugget":1,"minecraft:light_gray_wool":2,"minecraft:sugar_cane":18,"minecraft:birch_sapling":1,"minecraft:oak_planks":90,"minecraft:egg":1,"minecraft:furnace":4,"minecraft:stick":1,"minecraft:porkchop":20,"minecraft:golden_axe":1,"minecraft:stone_sword":1,"minecraft:rotten_flesh":4,"minecraft:stone_axe":1,"minecraft:gray_wool":3,"minecraft:black_wool":4,"minecraft:mutton":86,"minecraft:white_wool":36,"minecraft:cobblestone":28,"minecraft:sunflower":12},"minecraft:killed":{"minecraft:pig":4,"minecraft:spider":1,"minecraft:creeper":1,"minecraft:horse":4,"minecraft:sheep":24,"minecraft:chicken":7,"minecraft:cow":14}},"DataVersion":3953}