{"stats":{"minecraft:mined":{"minecraft:white_bed":2,"minecraft:crafting_table":4,"minecraft:short_grass":54,"minecraft:grass_block":6,"minecraft:rose_bush":1,"minecraft:tall_grass":18,"minecraft:sugar_cane":8,"minecraft:furnace":3,"minecraft:birch_log":5,"minecraft:birch_leaves":2,"minecraft:yellow_bed":4,"minecraft:oak_log":6,"minecraft:sunflower":11,"minecraft:dirt":6,"minecraft:stone":19,"minecraft:oak_leaves":5},"minecraft:killed_by":{"minecraft:skeleton":1},"minecraft:custom":{"minecraft:interact_with_furnace":19,"minecraft:mob_kills":62,"minecraft:interact_with_crafting_table":9,"minecraft:bell_ring":2,"minecraft:time_since_death":26067,"minecraft:sleep_in_bed":1,"minecraft:climb_one_cm":856,"minecraft:time_since_rest":3070,"minecraft:sprint_one_cm":108678,"minecraft:damage_taken":1101,"minecraft:walk_one_cm":83088,"minecraft:drop":32,"minecraft:damage_dealt":5592,"minecraft:swim_one_cm":31356,"minecraft:fly_one_cm":330868,"minecraft:open_chest":3,"minecraft:crouch_one_cm":5262,"minecraft:play_time":41027,"minecraft:deaths":1,"minecraft:sneak_time":2450,"minecraft:walk_under_water_one_cm":5658,"minecraft:boat_one_cm":10782,"minecraft:jump":1425,"minecraft:walk_on_water_one_cm":8205,"minecraft:total_world_time":41027,"minecraft:fall_one_cm":42135},"minecraft:used":{"minecraft:cooked_mutton":2,"minecraft:rose_bush":1,"minecraft:stone_sword":164,"minecraft:wooden_pickaxe":24,"minecraft:dirt":7,"minecraft:crafting_table":4,"minecraft:birch_sapling":1,"minecraft:furnace":3,"minecraft:cooked_porkchop":2,"minecraft:yellow_bed":1,"minecraft:oak_boat":6,"minecraft:egg":1,"minecraft:cooked_beef":8,"minecraft:golden_axe":18},"minecraft:dropped":{"minecraft:birch_planks":2,"minecraft:iron_nugget":1,"minecraft:cooked_chicken":1,"minecraft:cooked_beef":4,"minecraft:oak_log":1,"minecraft:rotten_flesh":4,"minecraft:white_bed":2,"minecraft:flint":1,"minecraft:pumpkin":10,"minecraft:sunflower":10},"minecraft:crafted":{"minecraft:cooked_beef":8,"minecraft:oak_planks":20,"minecraft:cooked_porkchop":8,"minecraft:crafting_table":1,"minecraft:cooked_chicken":6,"minecraft:wooden_pickaxe":1,"minecraft:furnace":2,"minecraft:birch_planks":20,"minecraft:air":0,"minecraft:oak_boat":1,"minecraft:stick":8,"minecraft:stone_sword":1,"minecraft:white_bed":3},"minecraft:picked_up":{"minecraft:birch_log":10,"minecraft:crafting_table":5,"minecraft:feather":14,"minecraft:cooked_beef":7,"minecraft:chicken":14,"minecraft:salmon":7,"minecraft:leather":29,"minecraft:wooden_pickaxe":1,"minecraft:birch_planks":2,"minecraft:flint":1,"minecraft:oak_log":6,"minecraft:yellow_bed":4,"minecraft:string":1,"minecraft:dirt":16,"minecraft:cooked_mutton":2,"minecraft:wheat_seeds":9,"minecraft:oak_boat":5,"minecraft:beef":63,"minecraft:cooked_chicken":1,"minecraft:rose_bush":1,"minecraft:iron_nugget":1,"minecraft:light_gray_wool":2,"minecraft:sugar_cane":20,"minecraft:birch_sapling":1,"minecraft:oak_planks":90,"minecraft:egg":1,"minecraft:furnace":4,"minecraft:stick":1,"minecraft:pumpkin":10,"minecraft:porkchop":20,"minecraft:golden_axe":1,"minecraft:white_bed":2,"minecraft:rabbit_foot":1,"minecraft:stone_sword":1,"minecraft:rotten_flesh":4,"minecraft:stone_axe":1,"minecraft:gray_wool":3,"minecraft:black_wool":4,"minecraft:mutton":86,"minecraft:white_wool":36,"minecraft:cobblestone":28,"minecraft:sunflower":12},"minecraft:killed":{"minecraft:pig":4,"minecraft:salmon":7,"minecraft:spider":1,"minecraft:creeper":1,"minecraft:horse":4,"minecraft:sheep":24,"minecraft:chicken":7,"minecraft:cow":14}},"DataVersion":3953}