{"stats":{"minecraft:broken":{"minecraft:golden_axe":1,"minecraft:stone_sword":1},"minecraft:mined":{"minecraft:white_bed":3,"minecraft:crafting_table":4,"minecraft:short_grass":66,"minecraft:grass_block":7,"minecraft:chest":4,"minecraft:rose_bush":1,"minecraft:tall_grass":23,"minecraft:sugar_cane":11,"minecraft:hay_block":29,"minecraft:furnace":3,"minecraft:birch_log":5,"minecraft:iron_ore":1,"minecraft:birch_leaves":2,"minecraft:yellow_bed":9,"minecraft:coal_ore":24,"minecraft:oak_log":6,"minecraft:sunflower":11,"minecraft:dirt":6,"minecraft:stone":39,"minecraft:oak_leaves":5},"minecraft:killed_by":{"minecraft:skeleton":1},"minecraft:custom":{"minecraft:interact_with_furnace":19,"minecraft:mob_kills":83,"minecraft:interact_with_crafting_table":12,"minecraft:bell_ring":2,"minecraft:leave_game":4,"minecraft:time_since_death":76023,"minecraft:sleep_in_bed":11,"minecraft:climb_one_cm":856,"minecraft:time_since_rest":1542,"minecraft:sprint_one_cm":176508,"minecraft:damage_taken":1462,"minecraft:walk_one_cm":133020,"minecraft:drop":39,"minecraft:damage_dealt":7981,"minecraft:swim_one_cm":65822,"minecraft:fly_one_cm":500419,"minecraft:open_chest":13,"minecraft:crouch_one_cm":14909,"minecraft:play_time":90983,"minecraft:sneak_time":5098,"minecraft:deaths":1,"minecraft:walk_under_water_one_cm":12685,"minecraft:boat_one_cm":247717,"minecraft:jump":2693,"minecraft:walk_on_water_one_cm":21079,"minecraft:total_world_time":90983,"minecraft:fall_one_cm":61541},"minecraft:used":{"minecraft:cooked_mutton":2,"minecraft:rose_bush":1,"minecraft:stone_sword":171,"minecraft:birch_planks":1,"minecraft:stone_pickaxe":27,"minecraft:oak_planks":8,"minecraft:chest":9,"minecraft:wooden_pickaxe":42,"minecraft:dirt":7,"minecraft:crafting_table":5,"minecraft:white_bed":1,"minecraft:golden_chestplate":1,"minecraft:birch_sapling":1,"minecraft:stone_axe":18,"minecraft:furnace":3,"minecraft:cooked_porkchop":8,"minecraft:egg":2,"minecraft:oak_boat":9,"minecraft:yellow_bed":8,"minecraft:cooked_beef":8,"minecraft:golden_axe":40},"minecraft:dropped":{"minecraft:birch_planks":2,"minecraft:iron_nugget":1,"minecraft:cooked_beef":4,"minecraft:cooked_chicken":1,"minecraft:oak_log":1,"minecraft:rotten_flesh":4,"minecraft:white_bed":3,"minecraft:flint":1,"minecraft:wooden_shovel":1,"minecraft:pumpkin":10,"minecraft:sunflower":10,"minecraft:wooden_pickaxe":1,"minecraft:pink_petals":2,"minecraft:string":3},"minecraft:crafted":{"minecraft:cooked_beef":8,"minecraft:oak_planks":20,"minecraft:cooked_porkchop":8,"minecraft:crafting_table":1,"minecraft:cooked_chicken":6,"minecraft:wooden_pickaxe":1,"minecraft:furnace":2,"minecraft:birch_planks":20,"minecraft:air":0,"minecraft:oak_boat":1,"minecraft:stick":8,"minecraft:stone_pickaxe":1,"minecraft:stone_sword":1,"minecraft:chest":4,"minecraft:white_bed":3},"minecraft:picked_up":{"minecraft:birch_log":10,"minecraft:pink_petals":2,"minecraft:crafting_table":5,"minecraft:leather_chestplate":1,"minecraft:feather":52,"minecraft:cooked_beef":7,"minecraft:chicken":33,"minecraft:salmon":11,"minecraft:leather":67,"minecraft:filled_map":1,"minecraft:potato":19,"minecraft:wooden_pickaxe":1,"minecraft:birch_planks":3,"minecraft:flint":4,"minecraft:oak_log":6,"minecraft:yellow_bed":17,"minecraft:string":3,"minecraft:dirt":26,"minecraft:leather_boots":1,"minecraft:cooked_mutton":2,"minecraft:acacia_planks":9,"minecraft:wheat_seeds":51,"minecraft:stone_pickaxe":1,"minecraft:iron_ingot":6,"minecraft:beef":194,"minecraft:cooked_chicken":1,"minecraft:oak_boat":8,"minecraft:rose_bush":1,"minecraft:wooden_shovel":1,"minecraft:iron_nugget":18,"minecraft:light_gray_wool":4,"minecraft:sugar_cane":62,"minecraft:chest":5,"minecraft:birch_sapling":1,"minecraft:oak_planks":107,"minecraft:furnace":9,"minecraft:egg":2,"minecraft:stick":34,"minecraft:raw_iron":14,"minecraft:birch_boat":1,"minecraft:pumpkin":22,"minecraft:porkchop":89,"minecraft:golden_axe":1,"minecraft:blast_furnace":1,"minecraft:white_bed":14,"minecraft:rabbit_foot":3,"minecraft:stone_sword":1,"minecraft:rotten_flesh":4,"minecraft:stone_axe":2,"minecraft:hay_block":81,"minecraft:gray_wool":8,"minecraft:emerald":10,"minecraft:bread":6,"minecraft:obsidian":3,"minecraft:black_wool":9,"minecraft:mutton":193,"minecraft:coal":65,"minecraft:white_wool":77,"minecraft:cobblestone":67,"minecraft:sunflower":12},"minecraft:killed":{"minecraft:pig":13,"minecraft:salmon":11,"minecraft:spider":1,"minecraft:iron_golem":1,"minecraft:creeper":1,"minecraft:horse":4,"minecraft:sheep":27,"minecraft:chicken":8,"minecraft:cow":17}},"DataVersion":3953}