{"stats":{"minecraft:mined":{"minecraft:white_bed":2,"minecraft:crafting_table":4,"minecraft:short_grass":59,"minecraft:grass_block":6,"minecraft:rose_bush":1,"minecraft:tall_grass":21,"minecraft:sugar_cane":8,"minecraft:furnace":3,"minecraft:birch_log":5,"minecraft:birch_leaves":2,"minecraft:yellow_bed":4,"minecraft:oak_log":6,"minecraft:sunflower":11,"minecraft:dirt":6,"minecraft:stone":23,"minecraft:oak_leaves":5},"minecraft:killed_by":{"minecraft:skeleton":1},"minecraft:custom":{"minecraft:interact_with_furnace":19,"minecraft:mob_kills":66,"minecraft:interact_with_crafting_table":11,"minecraft:bell_ring":2,"minecraft:leave_game":1,"minecraft:time_since_death":39813,"minecraft:sleep_in_bed":3,"minecraft:climb_one_cm":856,"minecraft:time_since_rest":3497,"minecraft:sprint_one_cm":123457,"minecraft:damage_taken":1231,"minecraft:walk_one_cm":97449,"minecraft:drop":35,"minecraft:damage_dealt":5722,"minecraft:swim_one_cm":39505,"minecraft:fly_one_cm":377216,"minecraft:open_chest":5,"minecraft:crouch_one_cm":5669,"minecraft:play_time":54773,"minecraft:deaths":1,"minecraft:sneak_time":2590,"minecraft:walk_under_water_one_cm":11749,"minecraft:boat_one_cm":83160,"minecraft:jump":1796,"minecraft:walk_on_water_one_cm":15541,"minecraft:total_world_time":54773,"minecraft:fall_one_cm":46448},"minecraft:used":{"minecraft:cooked_mutton":2,"minecraft:rose_bush":1,"minecraft:stone_sword":168,"minecraft:birch_planks":1,"minecraft:chest":4,"minecraft:wooden_pickaxe":28,"minecraft:dirt":7,"minecraft:crafting_table":4,"minecraft:birch_sapling":1,"minecraft:furnace":3,"minecraft:cooked_porkchop":4,"minecraft:yellow_bed":3,"minecraft:oak_boat":6,"minecraft:egg":1,"minecraft:cooked_beef":8,"minecraft:golden_axe":18},"minecraft:dropped":{"minecraft:birch_planks":2,"minecraft:iron_nugget":1,"minecraft:cooked_chicken":1,"minecraft:cooked_beef":4,"minecraft:oak_log":1,"minecraft:rotten_flesh":4,"minecraft:white_bed":3,"minecraft:flint":1,"minecraft:pumpkin":10,"minecraft:sunflower":10,"minecraft:string":2},"minecraft:crafted":{"minecraft:cooked_beef":8,"minecraft:oak_planks":20,"minecraft:cooked_porkchop":8,"minecraft:crafting_table":1,"minecraft:cooked_chicken":6,"minecraft:wooden_pickaxe":1,"minecraft:furnace":2,"minecraft:birch_planks":20,"minecraft:air":0,"minecraft:oak_boat":1,"minecraft:stick":8,"minecraft:stone_sword":1,"minecraft:chest":4,"minecraft:white_bed":3},"minecraft:picked_up":{"minecraft:birch_log":10,"minecraft:crafting_table":5,"minecraft:feather":14,"minecraft:cooked_beef":7,"minecraft:chicken":15,"minecraft:salmon":11,"minecraft:leather":29,"minecraft:wooden_pickaxe":1,"minecraft:birch_planks":3,"minecraft:flint":1,"minecraft:oak_log":6,"minecraft:yellow_bed":6,"minecraft:string":2,"minecraft:dirt":16,"minecraft:cooked_mutton":2,"minecraft:wheat_seeds":12,"minecraft:oak_boat":6,"minecraft:beef":63,"minecraft:cooked_chicken":1,"minecraft:rose_bush":1,"minecraft:iron_nugget":1,"minecraft:light_gray_wool":2,"minecraft:sugar_cane":20,"minecraft:birch_sapling":1,"minecraft:oak_planks":90,"minecraft:egg":1,"minecraft:furnace":4,"minecraft:stick":1,"minecraft:pumpkin":10,"minecraft:porkchop":20,"minecraft:golden_axe":1,"minecraft:white_bed":3,"minecraft:rabbit_foot":1,"minecraft:stone_sword":1,"minecraft:rotten_flesh":4,"minecraft:stone_axe":1,"minecraft:gray_wool":3,"minecraft:black_wool":4,"minecraft:mutton":86,"minecraft:white_wool":36,"minecraft:cobblestone":32,"minecraft:sunflower":12},"minecraft:killed":{"minecraft:pig":4,"minecraft:salmon":11,"minecraft:spider":1,"minecraft:creeper":1,"minecraft:horse":4,"minecraft:sheep":24,"minecraft:chicken":7,"minecraft:cow":14}},"DataVersion":3953}