{"stats":{"minecraft:broken":{"minecraft:golden_axe":1,"minecraft:stone_sword":1},"minecraft:mined":{"minecraft:white_bed":2,"minecraft:crafting_table":4,"minecraft:short_grass":64,"minecraft:grass_block":7,"minecraft:chest":2,"minecraft:rose_bush":1,"minecraft:tall_grass":23,"minecraft:sugar_cane":11,"minecraft:furnace":3,"minecraft:birch_log":5,"minecraft:birch_leaves":2,"minecraft:yellow_bed":8,"minecraft:oak_log":6,"minecraft:sunflower":11,"minecraft:dirt":6,"minecraft:stone":34,"minecraft:oak_leaves":5},"minecraft:killed_by":{"minecraft:skeleton":1},"minecraft:custom":{"minecraft:interact_with_furnace":19,"minecraft:mob_kills":81,"minecraft:interact_with_crafting_table":11,"minecraft:bell_ring":2,"minecraft:leave_game":3,"minecraft:time_since_death":64104,"minecraft:sleep_in_bed":9,"minecraft:climb_one_cm":856,"minecraft:time_since_rest":4438,"minecraft:sprint_one_cm":147403,"minecraft:damage_taken":1382,"minecraft:walk_one_cm":120915,"minecraft:drop":36,"minecraft:damage_dealt":7214,"minecraft:swim_one_cm":41618,"minecraft:fly_one_cm":428055,"minecraft:open_chest":6,"minecraft:crouch_one_cm":9587,"minecraft:play_time":79064,"minecraft:sneak_time":3349,"minecraft:deaths":1,"minecraft:walk_under_water_one_cm":11801,"minecraft:boat_one_cm":239837,"minecraft:jump":2144,"minecraft:walk_on_water_one_cm":18955,"minecraft:total_world_time":79064,"minecraft:fall_one_cm":54571},"minecraft:used":{"minecraft:cooked_mutton":2,"minecraft:rose_bush":1,"minecraft:stone_sword":171,"minecraft:birch_planks":1,"minecraft:chest":4,"minecraft:wooden_pickaxe":39,"minecraft:dirt":7,"minecraft:crafting_table":4,"minecraft:birch_sapling":1,"minecraft:stone_axe":3,"minecraft:furnace":3,"minecraft:cooked_porkchop":8,"minecraft:egg":1,"minecraft:oak_boat":8,"minecraft:yellow_bed":7,"minecraft:cooked_beef":8,"minecraft:golden_axe":38},"minecraft:dropped":{"minecraft:birch_planks":2,"minecraft:iron_nugget":1,"minecraft:cooked_chicken":1,"minecraft:cooked_beef":4,"minecraft:oak_log":1,"minecraft:rotten_flesh":4,"minecraft:white_bed":3,"minecraft:flint":1,"minecraft:pumpkin":10,"minecraft:sunflower":10,"minecraft:string":3},"minecraft:crafted":{"minecraft:cooked_beef":8,"minecraft:oak_planks":20,"minecraft:cooked_porkchop":8,"minecraft:crafting_table":1,"minecraft:wooden_pickaxe":1,"minecraft:cooked_chicken":6,"minecraft:furnace":2,"minecraft:birch_planks":20,"minecraft:air":0,"minecraft:oak_boat":1,"minecraft:stick":8,"minecraft:stone_sword":1,"minecraft:chest":4,"minecraft:white_bed":3},"minecraft:picked_up":{"minecraft:birch_log":10,"minecraft:crafting_table":5,"minecraft:feather":33,"minecraft:cooked_beef":7,"minecraft:chicken":23,"minecraft:salmon":11,"minecraft:leather":48,"minecraft:wooden_pickaxe":1,"minecraft:birch_planks":3,"minecraft:flint":1,"minecraft:oak_log":6,"minecraft:yellow_bed":12,"minecraft:dirt":21,"minecraft:string":3,"minecraft:cooked_mutton":2,"minecraft:wheat_seeds":24,"minecraft:beef":115,"minecraft:cooked_chicken":1,"minecraft:oak_boat":7,"minecraft:rose_bush":1,"minecraft:iron_nugget":1,"minecraft:light_gray_wool":3,"minecraft:sugar_cane":41,"minecraft:chest":2,"minecraft:birch_sapling":1,"minecraft:oak_planks":90,"minecraft:egg":1,"minecraft:furnace":6,"minecraft:stick":6,"minecraft:pumpkin":10,"minecraft:porkchop":51,"minecraft:golden_axe":1,"minecraft:white_bed":6,"minecraft:rabbit_foot":2,"minecraft:stone_sword":1,"minecraft:rotten_flesh":4,"minecraft:stone_axe":2,"minecraft:gray_wool":5,"minecraft:emerald":4,"minecraft:bread":3,"minecraft:black_wool":6,"minecraft:mutton":133,"minecraft:white_wool":53,"minecraft:cobblestone":44,"minecraft:sunflower":12},"minecraft:killed":{"minecraft:pig":13,"minecraft:salmon":11,"minecraft:spider":1,"minecraft:creeper":1,"minecraft:horse":4,"minecraft:sheep":27,"minecraft:chicken":7,"minecraft:cow":17}},"DataVersion":3953}