{"stats":{"minecraft:mined":{"minecraft:birch_log":5,"minecraft:birch_leaves":2,"minecraft:crafting_table":1,"minecraft:short_grass":6,"minecraft:grass_block":5,"minecraft:oak_log":5,"minecraft:rose_bush":1,"minecraft:dirt":3,"minecraft:stone":19,"minecraft:sugar_cane":2,"minecraft:oak_leaves":5},"minecraft:used":{"minecraft:rose_bush":1,"minecraft:stone_sword":20,"minecraft:birch_sapling":1,"minecraft:wooden_pickaxe":20,"minecraft:dirt":2,"minecraft:crafting_table":1},"minecraft:custom":{"minecraft:time_since_rest":5027,"minecraft:sprint_one_cm":7659,"minecraft:damage_taken":110,"minecraft:walk_one_cm":6363,"minecraft:mob_kills":5,"minecraft:damage_dealt":765,"minecraft:interact_with_crafting_table":2,"minecraft:swim_one_cm":671,"minecraft:fly_one_cm":18466,"minecraft:crouch_one_cm":3141,"minecraft:play_time":5027,"minecraft:sneak_time":1604,"minecraft:walk_under_water_one_cm":74,"minecraft:jump":122,"minecraft:walk_on_water_one_cm":583,"minecraft:time_since_death":5027,"minecraft:total_world_time":5027,"minecraft:fall_one_cm":3784},"minecraft:crafted":{"minecraft:oak_planks":20,"minecraft:crafting_table":1,"minecraft:stick":4,"minecraft:wooden_pickaxe":1,"minecraft:stone_sword":1},"minecraft:picked_up":{"minecraft:birch_log":5,"minecraft:crafting_table":1,"minecraft:leather":5,"minecraft:oak_log":5,"minecraft:dirt":8,"minecraft:beef":5,"minecraft:rose_bush":1,"minecraft:sugar_cane":6,"minecraft:birch_sapling":1,"minecraft:cobblestone":19},"minecraft:killed":{"minecraft:horse":2,"minecraft:cow":3}},"DataVersion":3953}