{"stats":{"minecraft:broken":{"minecraft:stone_sword":1,"minecraft:stone_pickaxe":1,"minecraft:shield":2,"minecraft:golden_axe":1},"minecraft:mined":{"minecraft:white_bed":3,"minecraft:deepslate_diamond_ore":11,"minecraft:grass_block":7,"minecraft:hay_block":51,"minecraft:furnace":5,"minecraft:iron_ore":77,"minecraft:andesite":29,"minecraft:deepslate_lapis_ore":2,"minecraft:deepslate_iron_ore":15,"minecraft:stone":79,"minecraft:crafting_table":8,"minecraft:short_grass":69,"minecraft:chest":6,"minecraft:rose_bush":1,"minecraft:sculk_sensor":1,"minecraft:cobblestone":5,"minecraft:tall_grass":23,"minecraft:deepslate_gold_ore":1,"minecraft:oak_planks":3,"minecraft:sugar_cane":11,"minecraft:diorite":1,"minecraft:birch_log":5,"minecraft:birch_leaves":2,"minecraft:yellow_bed":10,"minecraft:oak_log":20,"minecraft:coal_ore":104,"minecraft:sunflower":11,"minecraft:dirt":6,"minecraft:deepslate":7,"minecraft:oak_leaves":6},"minecraft:killed_by":{"minecraft:skeleton":1,"minecraft:zombie":1},"minecraft:custom":{"minecraft:mob_kills":111,"minecraft:interact_with_crafting_table":27,"minecraft:bell_ring":2,"minecraft:leave_game":5,"minecraft:time_since_death":41208,"minecraft:climb_one_cm":856,"minecraft:sprint_one_cm":305199,"minecraft:walk_one_cm":235765,"minecraft:damage_blocked_by_shield":5444,"minecraft:drop":46,"minecraft:play_time":144230,"minecraft:deaths":2,"minecraft:sneak_time":14798,"minecraft:walk_under_water_one_cm":15490,"minecraft:boat_one_cm":247717,"minecraft:jump":3714,"minecraft:walk_on_water_one_cm":32505,"minecraft:total_world_time":144230,"minecraft:interact_with_furnace":40,"minecraft:sleep_in_bed":11,"minecraft:time_since_rest":41294,"minecraft:damage_taken":2948,"minecraft:damage_dealt":12826,"minecraft:swim_one_cm":66775,"minecraft:fly_one_cm":711025,"minecraft:open_chest":29,"minecraft:crouch_one_cm":36611,"minecraft:fall_one_cm":91401},"minecraft:used":{"minecraft:rose_bush":1,"minecraft:stone_sword":171,"minecraft:chest":13,"minecraft:shield":99,"minecraft:cooked_chicken":5,"minecraft:oak_door":3,"minecraft:torch":41,"minecraft:dirt":7,"minecraft:golden_chestplate":1,"minecraft:iron_axe":49,"minecraft:birch_sapling":1,"minecraft:furnace":7,"minecraft:egg":4,"minecraft:cooked_beef":8,"minecraft:iron_leggings":1,"minecraft:golden_axe":40,"minecraft:cooked_mutton":2,"minecraft:birch_planks":1,"minecraft:stone_pickaxe":131,"minecraft:oak_planks":17,"minecraft:wooden_pickaxe":42,"minecraft:crafting_table":10,"minecraft:white_bed":2,"minecraft:bread":21,"minecraft:iron_pickaxe":145,"minecraft:stone_axe":68,"minecraft:cobblestone":53,"minecraft:cooked_porkchop":8,"minecraft:andesite":27,"minecraft:yellow_bed":8,"minecraft:oak_boat":9,"minecraft:golden_pickaxe":22},"minecraft:dropped":{"minecraft:birch_planks":2,"minecraft:wheat_seeds":1,"minecraft:cooked_beef":4,"minecraft:oak_log":1,"minecraft:coal":26,"minecraft:flint":1,"minecraft:ink_sac":3,"minecraft:pumpkin":10,"minecraft:sunflower":10,"minecraft:string":3,"minecraft:pink_petals":2,"minecraft:iron_nugget":1,"minecraft:cooked_chicken":1,"minecraft:rotten_flesh":5,"minecraft:white_bed":3,"minecraft:chest":1,"minecraft:wooden_shovel":1,"minecraft:wooden_pickaxe":1},"minecraft:crafted":{"minecraft:oak_door":3,"minecraft:oak_planks":76,"minecraft:cooked_chicken":6,"minecraft:furnace":2,"minecraft:iron_boots":1,"minecraft:iron_axe":1,"minecraft:stone_pickaxe":1,"minecraft:chest":6,"minecraft:wheat":306,"minecraft:cooked_beef":8,"minecraft:cooked_porkchop":8,"minecraft:crafting_table":2,"minecraft:wooden_pickaxe":1,"minecraft:iron_helmet":1,"minecraft:birch_planks":20,"minecraft:bread":102,"minecraft:air":0,"minecraft:oak_boat":1,"minecraft:iron_chestplate":1,"minecraft:shield":2,"minecraft:stick":32,"minecraft:iron_pickaxe":1,"minecraft:iron_ingot":41,"minecraft:stone_sword":1,"minecraft:iron_leggings":1,"minecraft:white_bed":3,"minecraft:torch":48},"minecraft:picked_up":{"minecraft:crafting_table":10,"minecraft:chicken":42,"minecraft:golden_pickaxe":1,"minecraft:wooden_pickaxe":1,"minecraft:shield":1,"minecraft:string":7,"minecraft:cobbled_deepslate":7,"minecraft:beef":258,"minecraft:oak_boat":8,"minecraft:rose_bush":1,"minecraft:iron_nugget":18,"minecraft:wooden_shovel":1,"minecraft:light_gray_wool":4,"minecraft:sugar_cane":125,"minecraft:chest":8,"minecraft:birch_sapling":1,"minecraft:egg":4,"minecraft:furnace":13,"minecraft:stick":34,"minecraft:raw_iron":119,"minecraft:torch":1,"minecraft:porkchop":120,"minecraft:golden_axe":1,"minecraft:diorite":1,"minecraft:carrot":1,"minecraft:golden_chestplate":1,"minecraft:rabbit_foot":3,"minecraft:stone_sword":1,"minecraft:arrow":14,"minecraft:rotten_flesh":25,"minecraft:hay_block":120,"minecraft:mutton":240,"minecraft:obsidian":3,"minecraft:cobblestone":145,"minecraft:white_wool":94,"minecraft:birch_log":10,"minecraft:pink_petals":2,"minecraft:leather_chestplate":1,"minecraft:feather":71,"minecraft:cooked_beef":7,"minecraft:salmon":11,"minecraft:andesite":29,"minecraft:leather":124,"minecraft:potato":19,"minecraft:filled_map":1,"minecraft:birch_planks":3,"minecraft:flint":4,"minecraft:oak_log":20,"minecraft:yellow_bed":24,"minecraft:lapis_lazuli":12,"minecraft:dirt":26,"minecraft:leather_boots":1,"minecraft:cooked_mutton":2,"minecraft:bone":16,"minecraft:acacia_planks":9,"minecraft:bow":1,"minecraft:wheat_seeds":66,"minecraft:raw_gold":1,"minecraft:cooked_chicken":2,"minecraft:stone_pickaxe":2,"minecraft:iron_ingot":12,"minecraft:oak_planks":290,"minecraft:birch_boat":1,"minecraft:pumpkin":22,"minecraft:blast_furnace":1,"minecraft:ink_sac":3,"minecraft:white_bed":19,"minecraft:spider_eye":1,"minecraft:diamond":11,"minecraft:stone_axe":5,"minecraft:granite":3,"minecraft:gray_wool":8,"minecraft:emerald":14,"minecraft:bread":216,"minecraft:black_wool":9,"minecraft:coal":197,"minecraft:sunflower":12},"minecraft:killed":{"minecraft:spider":4,"minecraft:skeleton":10,"minecraft:horse":4,"minecraft:chicken":8,"minecraft:pig":13,"minecraft:zombie_villager":1,"minecraft:salmon":11,"minecraft:iron_golem":1,"minecraft:creeper":1,"minecraft:sheep":27,"minecraft:zombie":13,"minecraft:cow":17}},"DataVersion":3953}