{"stats":{"minecraft:mined":{"minecraft:furnace":1,"minecraft:birch_log":5,"minecraft:birch_leaves":2,"minecraft:crafting_table":2,"minecraft:short_grass":39,"minecraft:grass_block":5,"minecraft:oak_log":5,"minecraft:rose_bush":1,"minecraft:sunflower":7,"minecraft:dirt":3,"minecraft:tall_grass":15,"minecraft:stone":19,"minecraft:sugar_cane":2,"minecraft:oak_leaves":5},"minecraft:killed_by":{"minecraft:skeleton":1},"minecraft:used":{"minecraft:cooked_mutton":2,"minecraft:rose_bush":1,"minecraft:stone_sword":108,"minecraft:birch_sapling":1,"minecraft:wooden_pickaxe":22,"minecraft:dirt":4,"minecraft:crafting_table":2,"minecraft:furnace":1,"minecraft:egg":1,"minecraft:cooked_beef":2},"minecraft:custom":{"minecraft:time_since_rest":2115,"minecraft:interact_with_furnace":6,"minecraft:sprint_one_cm":49132,"minecraft:damage_taken":663,"minecraft:walk_one_cm":38375,"minecraft:mob_kills":34,"minecraft:drop":2,"minecraft:damage_dealt":3247,"minecraft:interact_with_crafting_table":3,"minecraft:swim_one_cm":671,"minecraft:fly_one_cm":148786,"minecraft:open_chest":1,"minecraft:crouch_one_cm":4125,"minecraft:play_time":17027,"minecraft:deaths":1,"minecraft:sneak_time":1991,"minecraft:walk_under_water_one_cm":74,"minecraft:jump":704,"minecraft:walk_on_water_one_cm":1048,"minecraft:time_since_death":2067,"minecraft:total_world_time":17027,"minecraft:fall_one_cm":22548},"minecraft:dropped":{"minecraft:cooked_beef":3,"minecraft:sunflower":3},"minecraft:crafted":{"minecraft:cooked_beef":5,"minecraft:oak_planks":20,"minecraft:crafting_table":1,"minecraft:stick":4,"minecraft:wooden_pickaxe":1,"minecraft:stone_sword":1,"minecraft:furnace":1,"minecraft:air":0},"minecraft:picked_up":{"minecraft:birch_log":5,"minecraft:crafting_table":2,"minecraft:cooked_beef":3,"minecraft:feather":7,"minecraft:chicken":7,"minecraft:leather":14,"minecraft:porkchop":4,"minecraft:oak_log":5,"minecraft:dirt":8,"minecraft:cooked_mutton":2,"minecraft:wheat_seeds":1,"minecraft:beef":11,"minecraft:rose_bush":1,"minecraft:sunflower":5,"minecraft:gray_wool":1,"minecraft:light_gray_wool":1,"minecraft:oak_planks":1,"minecraft:black_wool":2,"minecraft:mutton":45,"minecraft:sugar_cane":6,"minecraft:birch_sapling":1,"minecraft:furnace":1,"minecraft:white_wool":13,"minecraft:cobblestone":19,"minecraft:egg":1},"minecraft:killed":{"minecraft:sheep":16,"minecraft:horse":4,"minecraft:chicken":7,"minecraft:cow":7}},"DataVersion":3953}