{"stats":{"minecraft:broken":{"minecraft:golden_axe":1,"minecraft:stone_sword":1},"minecraft:mined":{"minecraft:white_bed":3,"minecraft:crafting_table":7,"minecraft:short_grass":69,"minecraft:grass_block":7,"minecraft:chest":4,"minecraft:rose_bush":1,"minecraft:tall_grass":23,"minecraft:sugar_cane":11,"minecraft:hay_block":51,"minecraft:furnace":3,"minecraft:birch_log":5,"minecraft:iron_ore":8,"minecraft:birch_leaves":2,"minecraft:andesite":5,"minecraft:yellow_bed":9,"minecraft:coal_ore":28,"minecraft:oak_log":20,"minecraft:sunflower":11,"minecraft:dirt":6,"minecraft:stone":44,"minecraft:oak_leaves":6},"minecraft:killed_by":{"minecraft:skeleton":1},"minecraft:custom":{"minecraft:interact_with_furnace":19,"minecraft:mob_kills":84,"minecraft:interact_with_crafting_table":15,"minecraft:bell_ring":2,"minecraft:leave_game":5,"minecraft:time_since_death":87270,"minecraft:sleep_in_bed":11,"minecraft:climb_one_cm":856,"minecraft:time_since_rest":12789,"minecraft:sprint_one_cm":200633,"minecraft:damage_taken":1732,"minecraft:walk_one_cm":145767,"minecraft:damage_blocked_by_shield":750,"minecraft:drop":42,"minecraft:damage_dealt":8197,"minecraft:swim_one_cm":65822,"minecraft:fly_one_cm":566689,"minecraft:open_chest":15,"minecraft:crouch_one_cm":19211,"minecraft:play_time":102230,"minecraft:sneak_time":6991,"minecraft:deaths":1,"minecraft:walk_under_water_one_cm":12835,"minecraft:boat_one_cm":247717,"minecraft:jump":2959,"minecraft:walk_on_water_one_cm":21307,"minecraft:total_world_time":102230,"minecraft:fall_one_cm":71097},"minecraft:used":{"minecraft:cooked_mutton":2,"minecraft:rose_bush":1,"minecraft:stone_sword":171,"minecraft:birch_planks":1,"minecraft:stone_pickaxe":48,"minecraft:oak_planks":17,"minecraft:wooden_pickaxe":42,"minecraft:chest":9,"minecraft:shield":15,"minecraft:cooked_chicken":5,"minecraft:dirt":7,"minecraft:crafting_table":8,"minecraft:white_bed":1,"minecraft:golden_chestplate":1,"minecraft:birch_sapling":1,"minecraft:stone_axe":38,"minecraft:cobblestone":1,"minecraft:furnace":3,"minecraft:cooked_porkchop":8,"minecraft:andesite":1,"minecraft:egg":4,"minecraft:oak_boat":9,"minecraft:yellow_bed":8,"minecraft:cooked_beef":8,"minecraft:golden_axe":40},"minecraft:dropped":{"minecraft:birch_planks":2,"minecraft:cooked_chicken":1,"minecraft:iron_nugget":1,"minecraft:cooked_beef":4,"minecraft:oak_log":1,"minecraft:rotten_flesh":4,"minecraft:white_bed":3,"minecraft:flint":1,"minecraft:ink_sac":3,"minecraft:wooden_shovel":1,"minecraft:pumpkin":10,"minecraft:sunflower":10,"minecraft:wooden_pickaxe":1,"minecraft:string":3,"minecraft:pink_petals":2},"minecraft:crafted":{"minecraft:cooked_beef":8,"minecraft:oak_planks":76,"minecraft:cooked_porkchop":8,"minecraft:crafting_table":2,"minecraft:wooden_pickaxe":1,"minecraft:cooked_chicken":6,"minecraft:furnace":2,"minecraft:birch_planks":20,"minecraft:bread":102,"minecraft:air":0,"minecraft:oak_boat":1,"minecraft:shield":1,"minecraft:stick":8,"minecraft:stone_pickaxe":1,"minecraft:stone_sword":1,"minecraft:chest":4,"minecraft:white_bed":3,"minecraft:wheat":306},"minecraft:picked_up":{"minecraft:birch_log":10,"minecraft:pink_petals":2,"minecraft:crafting_table":8,"minecraft:leather_chestplate":1,"minecraft:feather":52,"minecraft:cooked_beef":7,"minecraft:chicken":33,"minecraft:andesite":1,"minecraft:salmon":11,"minecraft:leather":86,"minecraft:birch_planks":3,"minecraft:wooden_pickaxe":1,"minecraft:potato":19,"minecraft:filled_map":1,"minecraft:flint":4,"minecraft:oak_log":20,"minecraft:yellow_bed":18,"minecraft:string":3,"minecraft:dirt":26,"minecraft:cooked_mutton":2,"minecraft:leather_boots":1,"minecraft:bone":2,"minecraft:acacia_planks":9,"minecraft:wheat_seeds":52,"minecraft:iron_ingot":8,"minecraft:beef":194,"minecraft:stone_pickaxe":1,"minecraft:cooked_chicken":1,"minecraft:oak_boat":8,"minecraft:rose_bush":1,"minecraft:wooden_shovel":1,"minecraft:iron_nugget":18,"minecraft:light_gray_wool":4,"minecraft:sugar_cane":83,"minecraft:chest":5,"minecraft:birch_sapling":1,"minecraft:oak_planks":170,"minecraft:furnace":9,"minecraft:egg":4,"minecraft:raw_iron":20,"minecraft:stick":34,"minecraft:birch_boat":1,"minecraft:pumpkin":22,"minecraft:porkchop":89,"minecraft:golden_axe":1,"minecraft:ink_sac":3,"minecraft:blast_furnace":1,"minecraft:white_bed":14,"minecraft:rabbit_foot":3,"minecraft:stone_sword":1,"minecraft:rotten_flesh":4,"minecraft:stone_axe":3,"minecraft:hay_block":120,"minecraft:gray_wool":8,"minecraft:bread":6,"minecraft:emerald":10,"minecraft:black_wool":9,"minecraft:obsidian":3,"minecraft:mutton":193,"minecraft:coal":69,"minecraft:white_wool":77,"minecraft:cobblestone":75,"minecraft:sunflower":12},"minecraft:killed":{"minecraft:pig":13,"minecraft:salmon":11,"minecraft:spider":1,"minecraft:iron_golem":1,"minecraft:creeper":1,"minecraft:horse":4,"minecraft:sheep":27,"minecraft:skeleton":1,"minecraft:chicken":8,"minecraft:cow":17}},"DataVersion":3953}