{"stats":{"minecraft:broken":{"minecraft:iron_shovel":2,"minecraft:stone_axe":1,"minecraft:stone_shovel":37},"minecraft:mined":{"minecraft:white_bed":2,"minecraft:grass_block":3233,"minecraft:composter":2,"minecraft:kelp":3,"minecraft:furnace":1,"minecraft:carrots":14,"minecraft:fire":1,"minecraft:pumpkin":11,"minecraft:potatoes":6,"minecraft:stone":85,"minecraft:white_wool":3,"minecraft:kelp_plant":4,"minecraft:dandelion":2,"minecraft:crafting_table":3,"minecraft:torch":1,"minecraft:short_grass":157,"minecraft:chest":1,"minecraft:tall_grass":25,"minecraft:oak_planks":6,"minecraft:sugar_cane":6,"minecraft:seagrass":1,"minecraft:wheat":25,"minecraft:coal_ore":55,"minecraft:oak_log":29,"minecraft:beetroots":3,"minecraft:gravel":1,"minecraft:dirt":1911,"minecraft:sunflower":14,"minecraft:sand":51,"minecraft:stonecutter":1,"minecraft:oak_leaves":5},"minecraft:killed_by":{"minecraft:creeper":1,"minecraft:skeleton":4,"minecraft:zombie":2},"minecraft:used":{"minecraft:iron_shovel":280,"minecraft:stone_shovel":5034,"minecraft:chest":4,"minecraft:shield":16,"minecraft:cooked_chicken":5,"minecraft:torch":30,"minecraft:dirt":434,"minecraft:carrot":10,"minecraft:wooden_axe":1,"minecraft:bow":2,"minecraft:beef":1,"minecraft:furnace":2,"minecraft:oak_sapling":2,"minecraft:cooked_cod":4,"minecraft:egg":3,"minecraft:cooked_beef":3,"minecraft:wheat_seeds":11,"minecraft:birch_planks":1,"minecraft:stone_pickaxe":147,"minecraft:oak_planks":3,"minecraft:wooden_pickaxe":16,"minecraft:white_wool":5,"minecraft:sand":25,"minecraft:crafting_table":6,"minecraft:white_bed":3,"minecraft:sunflower":17,"minecraft:iron_pickaxe":1,"minecraft:brown_wool":1,"minecraft:stone_axe":204,"minecraft:cobblestone":1,"minecraft:porkchop":2,"minecraft:oak_boat":10},"minecraft:custom":{"minecraft:mob_kills":92,"minecraft:interact_with_crafting_table":34,"minecraft:leave_game":4,"minecraft:time_since_death":18101,"minecraft:sprint_one_cm":238771,"minecraft:walk_one_cm":964839,"minecraft:damage_blocked_by_shield":1088,"minecraft:drop":87,"minecraft:talked_to_villager":9,"minecraft:play_time":173563,"minecraft:deaths":7,"minecraft:sneak_time":3973,"minecraft:walk_under_water_one_cm":12877,"minecraft:boat_one_cm":604328,"minecraft:jump":2499,"minecraft:walk_on_water_one_cm":20221,"minecraft:total_world_time":173563,"minecraft:interact_with_furnace":20,"minecraft:sleep_in_bed":11,"minecraft:time_since_rest":18125,"minecraft:damage_taken":2726,"minecraft:damage_dealt":12944,"minecraft:swim_one_cm":43961,"minecraft:fly_one_cm":544190,"minecraft:open_chest":24,"minecraft:crouch_one_cm":17497,"minecraft:fall_one_cm":57262,"minecraft:horse_one_cm":3663},"minecraft:dropped":{"minecraft:birch_planks":4,"minecraft:porkchop":6,"minecraft:wheat_seeds":24,"minecraft:feather":1,"minecraft:mutton":6,"minecraft:wooden_axe":1,"minecraft:sunflower":7,"minecraft:pumpkin":25,"minecraft:sand":12,"minecraft:white_wool":4,"minecraft:dandelion":1,"minecraft:stone_axe":3,"minecraft:kelp":6,"minecraft:iron_nugget":1,"minecraft:rotten_flesh":23,"minecraft:oak_planks":88,"minecraft:poppy":1,"minecraft:gunpowder":1,"minecraft:beetroot_seeds":3,"minecraft:beef":37,"minecraft:wooden_pickaxe":1},"minecraft:crafted":{"minecraft:oak_planks":120,"minecraft:stone_shovel":38,"minecraft:cooked_chicken":5,"minecraft:furnace":2,"minecraft:stone_pickaxe":1,"minecraft:chest":3,"minecraft:cooked_cod":4,"minecraft:crafting_table":2,"minecraft:wooden_pickaxe":1,"minecraft:stone_axe":4,"minecraft:air":0,"minecraft:oak_boat":4,"minecraft:shield":1,"minecraft:stick":140,"minecraft:iron_pickaxe":1,"minecraft:iron_shovel":1,"minecraft:torch":20},"minecraft:picked_up":{"minecraft:wooden_axe":1,"minecraft:crafting_table":5,"minecraft:azure_bluet":2,"minecraft:chicken":27,"minecraft:shield":6,"minecraft:wooden_sword":1,"minecraft:iron_shovel":1,"minecraft:beef":59,"minecraft:oak_boat":6,"minecraft:wooden_shovel":1,"minecraft:iron_nugget":18,"minecraft:poppy":1,"minecraft:iron_pickaxe":6,"minecraft:sugar_cane":21,"minecraft:chest":1,"minecraft:egg":3,"minecraft:stick":164,"minecraft:composter":2,"minecraft:torch":47,"minecraft:acacia_log":4,"minecraft:porkchop":22,"minecraft:carrot":38,"minecraft:arrow":14,"minecraft:rotten_flesh":44,"minecraft:stone_shovel":16,"minecraft:beetroot_seeds":3,"minecraft:mutton":7,"minecraft:obsidian":3,"minecraft:cod":4,"minecraft:white_wool":9,"minecraft:cobblestone":273,"minecraft:oxeye_daisy":1,"minecraft:birch_log":7,"minecraft:feather":25,"minecraft:cooked_beef":3,"minecraft:leather":24,"minecraft:brown_wool":1,"minecraft:potato":15,"minecraft:birch_planks":5,"minecraft:flint":10,"minecraft:oak_log":30,"minecraft:gunpowder":1,"minecraft:dirt":5778,"minecraft:bone":11,"minecraft:stonecutter":7,"minecraft:kelp":6,"minecraft:bow":3,"minecraft:wheat_seeds":137,"minecraft:iron_ingot":5,"minecraft:stone_pickaxe":8,"minecraft:oak_planks":766,"minecraft:pumpkin":25,"minecraft:dandelion":7,"minecraft:gravel":1,"minecraft:sand":50,"minecraft:white_bed":3,"minecraft:stone_axe":8,"minecraft:oak_sapling":2,"minecraft:coal":419,"minecraft:sunflower":26},"minecraft:killed":{"minecraft:spider":1,"minecraft:cod":6,"minecraft:skeleton":6,"minecraft:chicken":14,"minecraft:pig":11,"minecraft:iron_golem":1,"minecraft:creeper":1,"minecraft:sheep":6,"minecraft:zombie":28,"minecraft:cow":17}},"DataVersion":3953}