{"stats":{"minecraft:mined":{"minecraft:oak_log":15,"minecraft:coal_ore":21,"minecraft:stone":5,"minecraft:oak_leaves":3},"minecraft:used":{"minecraft:crafting_table":1,"minecraft:stone_pickaxe":10,"minecraft:wooden_pickaxe":16},"minecraft:custom":{"minecraft:time_since_rest":5118,"minecraft:crouch_one_cm":849,"minecraft:play_time":5118,"minecraft:sprint_one_cm":1682,"minecraft:walk_one_cm":9138,"minecraft:sneak_time":406,"minecraft:drop":1,"minecraft:jump":47,"minecraft:damage_dealt":20,"minecraft:time_since_death":5118,"minecraft:total_world_time":5118,"minecraft:interact_with_crafting_table":2,"minecraft:fall_one_cm":418,"minecraft:fly_one_cm":2793},"minecraft:dropped":{"minecraft:wooden_pickaxe":1},"minecraft:crafted":{"minecraft:oak_planks":60,"minecraft:crafting_table":1,"minecraft:stick":12,"minecraft:wooden_pickaxe":1,"minecraft:stone_pickaxe":1},"minecraft:picked_up":{"minecraft:oak_log":15,"minecraft:coal":21,"minecraft:cobblestone":5}},"DataVersion":3953}