{"stats":{"minecraft:mined":{"minecraft:white_bed":2,"minecraft:dandelion":1,"minecraft:crafting_table":3,"minecraft:short_grass":28,"minecraft:grass_block":49,"minecraft:chest":1,"minecraft:tall_grass":14,"minecraft:composter":2,"minecraft:sugar_cane":6,"minecraft:oak_planks":6,"minecraft:furnace":1,"minecraft:carrots":14,"minecraft:wheat":25,"minecraft:fire":1,"minecraft:pumpkin":11,"minecraft:potatoes":6,"minecraft:oak_log":29,"minecraft:coal_ore":40,"minecraft:beetroots":3,"minecraft:sand":6,"minecraft:sunflower":14,"minecraft:dirt":70,"minecraft:stonecutter":1,"minecraft:stone":22,"minecraft:white_wool":3,"minecraft:oak_leaves":5},"minecraft:killed_by":{"minecraft:zombie":1},"minecraft:custom":{"minecraft:interact_with_furnace":12,"minecraft:mob_kills":54,"minecraft:interact_with_crafting_table":14,"minecraft:leave_game":2,"minecraft:time_since_death":39272,"minecraft:sleep_in_bed":3,"minecraft:time_since_rest":1751,"minecraft:sprint_one_cm":123146,"minecraft:damage_taken":668,"minecraft:walk_one_cm":145210,"minecraft:drop":62,"minecraft:damage_dealt":6483,"minecraft:swim_one_cm":17912,"minecraft:talked_to_villager":9,"minecraft:fly_one_cm":282428,"minecraft:open_chest":12,"minecraft:crouch_one_cm":3081,"minecraft:play_time":52937,"minecraft:sneak_time":1224,"minecraft:deaths":1,"minecraft:walk_under_water_one_cm":1073,"minecraft:boat_one_cm":292419,"minecraft:jump":1269,"minecraft:walk_on_water_one_cm":5478,"minecraft:total_world_time":52937,"minecraft:fall_one_cm":33718,"minecraft:horse_one_cm":3663},"minecraft:used":{"minecraft:wheat_seeds":11,"minecraft:birch_planks":1,"minecraft:stone_pickaxe":68,"minecraft:stone_shovel":124,"minecraft:oak_planks":3,"minecraft:chest":2,"minecraft:wooden_pickaxe":16,"minecraft:cooked_chicken":4,"minecraft:white_wool":5,"minecraft:torch":3,"minecraft:dirt":54,"minecraft:sand":2,"minecraft:crafting_table":6,"minecraft:white_bed":3,"minecraft:carrot":3,"minecraft:wooden_axe":1,"minecraft:sunflower":17,"minecraft:brown_wool":1,"minecraft:stone_axe":124,"minecraft:cobblestone":1,"minecraft:furnace":1,"minecraft:oak_sapling":2,"minecraft:porkchop":2,"minecraft:egg":3,"minecraft:oak_boat":4,"minecraft:cooked_beef":3},"minecraft:crafted":{"minecraft:oak_planks":120,"minecraft:stone_shovel":1,"minecraft:crafting_table":2,"minecraft:wooden_pickaxe":1,"minecraft:cooked_chicken":4,"minecraft:furnace":1,"minecraft:stone_axe":3,"minecraft:air":0,"minecraft:oak_boat":3,"minecraft:stick":60,"minecraft:stone_pickaxe":1,"minecraft:chest":1},"minecraft:dropped":{"minecraft:stone_axe":3,"minecraft:porkchop":6,"minecraft:birch_planks":4,"minecraft:wheat_seeds":15,"minecraft:iron_nugget":1,"minecraft:rotten_flesh":12,"minecraft:oak_planks":88,"minecraft:poppy":1,"minecraft:mutton":6,"minecraft:wooden_axe":1,"minecraft:beetroot_seeds":3,"minecraft:pumpkin":25,"minecraft:sunflower":7,"minecraft:wooden_pickaxe":1,"minecraft:beef":37,"minecraft:white_wool":4,"minecraft:dandelion":1},"minecraft:picked_up":{"minecraft:wooden_axe":1,"minecraft:birch_log":7,"minecraft:crafting_table":5,"minecraft:feather":24,"minecraft:cooked_beef":3,"minecraft:chicken":26,"minecraft:brown_wool":1,"minecraft:leather":22,"minecraft:potato":5,"minecraft:birch_planks":5,"minecraft:flint":4,"minecraft:oak_log":30,"minecraft:dirt":118,"minecraft:wooden_sword":1,"minecraft:stonecutter":1,"minecraft:wheat_seeds":28,"minecraft:iron_ingot":5,"minecraft:beef":54,"minecraft:stone_pickaxe":2,"minecraft:oak_boat":1,"minecraft:iron_nugget":18,"minecraft:wooden_shovel":1,"minecraft:poppy":1,"minecraft:sugar_cane":21,"minecraft:chest":1,"minecraft:oak_planks":224,"minecraft:egg":3,"minecraft:stick":54,"minecraft:pumpkin":25,"minecraft:composter":2,"minecraft:torch":12,"minecraft:acacia_log":4,"minecraft:dandelion":1,"minecraft:porkchop":22,"minecraft:sand":6,"minecraft:carrot":14,"minecraft:white_bed":3,"minecraft:rotten_flesh":10,"minecraft:stone_axe":2,"minecraft:beetroot_seeds":3,"minecraft:oak_sapling":2,"minecraft:obsidian":3,"minecraft:mutton":7,"minecraft:coal":124,"minecraft:white_wool":9,"minecraft:cobblestone":23,"minecraft:sunflower":26},"minecraft:killed":{"minecraft:pig":11,"minecraft:iron_golem":1,"minecraft:sheep":6,"minecraft:zombie":6,"minecraft:chicken":13,"minecraft:cow":16}},"DataVersion":3953}