{"stats":{"minecraft:mined":{"minecraft:white_bed":1,"minecraft:dandelion":1,"minecraft:crafting_table":3,"minecraft:short_grass":23,"minecraft:grass_block":2,"minecraft:chest":1,"minecraft:tall_grass":14,"minecraft:sugar_cane":6,"minecraft:furnace":1,"minecraft:carrots":14,"minecraft:wheat":24,"minecraft:fire":1,"minecraft:pumpkin":11,"minecraft:potatoes":6,"minecraft:oak_log":29,"minecraft:coal_ore":40,"minecraft:beetroots":3,"minecraft:dirt":1,"minecraft:sunflower":14,"minecraft:stonecutter":1,"minecraft:stone":22,"minecraft:oak_leaves":5},"minecraft:killed_by":{"minecraft:zombie":1},"minecraft:custom":{"minecraft:interact_with_furnace":12,"minecraft:mob_kills":54,"minecraft:interact_with_crafting_table":10,"minecraft:sleep_in_bed":1,"minecraft:time_since_death":27453,"minecraft:time_since_rest":3070,"minecraft:sprint_one_cm":113397,"minecraft:damage_taken":638,"minecraft:walk_one_cm":109136,"minecraft:drop":62,"minecraft:damage_dealt":6403,"minecraft:swim_one_cm":17912,"minecraft:talked_to_villager":1,"minecraft:fly_one_cm":265652,"minecraft:open_chest":12,"minecraft:crouch_one_cm":2341,"minecraft:play_time":41118,"minecraft:deaths":1,"minecraft:sneak_time":1106,"minecraft:walk_under_water_one_cm":1073,"minecraft:boat_one_cm":166551,"minecraft:jump":1140,"minecraft:walk_on_water_one_cm":2782,"minecraft:total_world_time":41118,"minecraft:fall_one_cm":31733,"minecraft:horse_one_cm":3663},"minecraft:used":{"minecraft:wheat_seeds":11,"minecraft:stone_pickaxe":68,"minecraft:oak_planks":3,"minecraft:chest":2,"minecraft:wooden_pickaxe":16,"minecraft:cooked_chicken":4,"minecraft:dirt":3,"minecraft:crafting_table":5,"minecraft:white_bed":1,"minecraft:wooden_axe":1,"minecraft:sunflower":17,"minecraft:brown_wool":1,"minecraft:stone_axe":115,"minecraft:furnace":1,"minecraft:oak_sapling":2,"minecraft:porkchop":2,"minecraft:oak_boat":1,"minecraft:egg":3,"minecraft:cooked_beef":3},"minecraft:crafted":{"minecraft:oak_planks":120,"minecraft:crafting_table":1,"minecraft:wooden_pickaxe":1,"minecraft:cooked_chicken":4,"minecraft:furnace":1,"minecraft:stone_axe":3,"minecraft:air":0,"minecraft:oak_boat":1,"minecraft:stick":60,"minecraft:stone_pickaxe":1,"minecraft:chest":1},"minecraft:dropped":{"minecraft:stone_axe":3,"minecraft:birch_planks":4,"minecraft:porkchop":6,"minecraft:wheat_seeds":15,"minecraft:iron_nugget":1,"minecraft:rotten_flesh":12,"minecraft:oak_planks":88,"minecraft:poppy":1,"minecraft:mutton":6,"minecraft:wooden_axe":1,"minecraft:beetroot_seeds":3,"minecraft:sunflower":7,"minecraft:pumpkin":25,"minecraft:beef":37,"minecraft:wooden_pickaxe":1,"minecraft:white_wool":4,"minecraft:dandelion":1},"minecraft:picked_up":{"minecraft:wooden_axe":1,"minecraft:birch_log":7,"minecraft:crafting_table":5,"minecraft:feather":24,"minecraft:cooked_beef":3,"minecraft:chicken":26,"minecraft:leather":22,"minecraft:brown_wool":1,"minecraft:potato":5,"minecraft:birch_planks":4,"minecraft:flint":4,"minecraft:oak_log":30,"minecraft:dirt":3,"minecraft:wooden_sword":1,"minecraft:stonecutter":1,"minecraft:wheat_seeds":26,"minecraft:iron_ingot":5,"minecraft:beef":54,"minecraft:stone_pickaxe":2,"minecraft:wooden_shovel":1,"minecraft:iron_nugget":18,"minecraft:poppy":1,"minecraft:sugar_cane":21,"minecraft:chest":1,"minecraft:oak_planks":224,"minecraft:egg":3,"minecraft:stick":54,"minecraft:pumpkin":25,"minecraft:dandelion":1,"minecraft:torch":12,"minecraft:acacia_log":4,"minecraft:porkchop":22,"minecraft:carrot":14,"minecraft:white_bed":2,"minecraft:rotten_flesh":10,"minecraft:beetroot_seeds":3,"minecraft:stone_axe":2,"minecraft:oak_sapling":2,"minecraft:mutton":7,"minecraft:obsidian":3,"minecraft:coal":124,"minecraft:white_wool":7,"minecraft:cobblestone":23,"minecraft:sunflower":26},"minecraft:killed":{"minecraft:pig":11,"minecraft:iron_golem":1,"minecraft:sheep":6,"minecraft:zombie":6,"minecraft:chicken":13,"minecraft:cow":16}},"DataVersion":3953}