{"stats":{"minecraft:mined":{"minecraft:white_bed":2,"minecraft:dandelion":1,"minecraft:crafting_table":3,"minecraft:short_grass":31,"minecraft:grass_block":50,"minecraft:chest":1,"minecraft:tall_grass":14,"minecraft:composter":2,"minecraft:sugar_cane":6,"minecraft:oak_planks":6,"minecraft:furnace":1,"minecraft:carrots":14,"minecraft:wheat":25,"minecraft:fire":1,"minecraft:pumpkin":11,"minecraft:potatoes":6,"minecraft:oak_log":29,"minecraft:coal_ore":40,"minecraft:beetroots":3,"minecraft:sand":6,"minecraft:sunflower":14,"minecraft:dirt":75,"minecraft:stonecutter":1,"minecraft:stone":22,"minecraft:white_wool":3,"minecraft:oak_leaves":5},"minecraft:killed_by":{"minecraft:zombie":1},"minecraft:custom":{"minecraft:interact_with_furnace":12,"minecraft:mob_kills":55,"minecraft:interact_with_crafting_table":15,"minecraft:leave_game":4,"minecraft:time_since_death":57898,"minecraft:sleep_in_bed":4,"minecraft:time_since_rest":6069,"minecraft:sprint_one_cm":129891,"minecraft:damage_taken":668,"minecraft:walk_one_cm":161270,"minecraft:drop":62,"minecraft:damage_dealt":6669,"minecraft:swim_one_cm":18793,"minecraft:talked_to_villager":9,"minecraft:fly_one_cm":298707,"minecraft:open_chest":12,"minecraft:crouch_one_cm":3149,"minecraft:play_time":71563,"minecraft:sneak_time":1276,"minecraft:deaths":1,"minecraft:walk_under_water_one_cm":2117,"minecraft:boat_one_cm":505821,"minecraft:jump":1344,"minecraft:walk_on_water_one_cm":8099,"minecraft:total_world_time":71563,"minecraft:fall_one_cm":35924,"minecraft:horse_one_cm":3663},"minecraft:used":{"minecraft:wheat_seeds":11,"minecraft:birch_planks":1,"minecraft:stone_pickaxe":68,"minecraft:stone_shovel":130,"minecraft:oak_planks":3,"minecraft:chest":2,"minecraft:wooden_pickaxe":16,"minecraft:cooked_chicken":4,"minecraft:white_wool":5,"minecraft:torch":3,"minecraft:dirt":64,"minecraft:sand":2,"minecraft:crafting_table":6,"minecraft:white_bed":3,"minecraft:carrot":5,"minecraft:wooden_axe":1,"minecraft:sunflower":17,"minecraft:brown_wool":1,"minecraft:stone_axe":126,"minecraft:cobblestone":1,"minecraft:oak_sapling":2,"minecraft:furnace":1,"minecraft:porkchop":2,"minecraft:oak_boat":9,"minecraft:egg":3,"minecraft:cooked_beef":3},"minecraft:crafted":{"minecraft:oak_planks":120,"minecraft:stone_shovel":1,"minecraft:crafting_table":2,"minecraft:wooden_pickaxe":1,"minecraft:cooked_chicken":4,"minecraft:furnace":1,"minecraft:stone_axe":3,"minecraft:air":0,"minecraft:oak_boat":4,"minecraft:stick":60,"minecraft:stone_pickaxe":1,"minecraft:chest":1},"minecraft:dropped":{"minecraft:stone_axe":3,"minecraft:porkchop":6,"minecraft:birch_planks":4,"minecraft:wheat_seeds":15,"minecraft:iron_nugget":1,"minecraft:rotten_flesh":12,"minecraft:oak_planks":88,"minecraft:poppy":1,"minecraft:mutton":6,"minecraft:wooden_axe":1,"minecraft:beetroot_seeds":3,"minecraft:pumpkin":25,"minecraft:sunflower":7,"minecraft:wooden_pickaxe":1,"minecraft:beef":37,"minecraft:white_wool":4,"minecraft:dandelion":1},"minecraft:picked_up":{"minecraft:wooden_axe":1,"minecraft:birch_log":7,"minecraft:crafting_table":5,"minecraft:feather":24,"minecraft:cooked_beef":3,"minecraft:chicken":26,"minecraft:brown_wool":1,"minecraft:leather":24,"minecraft:potato":5,"minecraft:birch_planks":5,"minecraft:flint":4,"minecraft:oak_log":30,"minecraft:dirt":123,"minecraft:wooden_sword":1,"minecraft:stonecutter":1,"minecraft:wheat_seeds":29,"minecraft:iron_ingot":5,"minecraft:beef":55,"minecraft:stone_pickaxe":2,"minecraft:oak_boat":5,"minecraft:iron_nugget":18,"minecraft:wooden_shovel":1,"minecraft:poppy":1,"minecraft:sugar_cane":21,"minecraft:chest":1,"minecraft:oak_planks":227,"minecraft:egg":3,"minecraft:stick":54,"minecraft:pumpkin":25,"minecraft:composter":2,"minecraft:torch":12,"minecraft:acacia_log":4,"minecraft:dandelion":1,"minecraft:porkchop":22,"minecraft:sand":6,"minecraft:carrot":14,"minecraft:white_bed":3,"minecraft:rotten_flesh":10,"minecraft:stone_axe":2,"minecraft:beetroot_seeds":3,"minecraft:oak_sapling":2,"minecraft:obsidian":3,"minecraft:mutton":7,"minecraft:coal":124,"minecraft:white_wool":9,"minecraft:cobblestone":23,"minecraft:sunflower":26},"minecraft:killed":{"minecraft:pig":11,"minecraft:iron_golem":1,"minecraft:sheep":6,"minecraft:zombie":6,"minecraft:chicken":13,"minecraft:cow":17}},"DataVersion":3953}