{"stats":{"minecraft:mined":{"minecraft:crafting_table":2,"minecraft:short_grass":13,"minecraft:grass_block":1,"minecraft:coal_ore":40,"minecraft:oak_log":29,"minecraft:sunflower":1,"minecraft:tall_grass":2,"minecraft:stone":7,"minecraft:sugar_cane":4,"minecraft:oak_leaves":5},"minecraft:killed_by":{"minecraft:zombie":1},"minecraft:used":{"minecraft:stone_pickaxe":50,"minecraft:wooden_pickaxe":16,"minecraft:stone_axe":61,"minecraft:dirt":1,"minecraft:crafting_table":2,"minecraft:oak_sapling":2,"minecraft:porkchop":2,"minecraft:egg":3},"minecraft:custom":{"minecraft:time_since_rest":3499,"minecraft:sprint_one_cm":53888,"minecraft:damage_taken":308,"minecraft:walk_one_cm":46357,"minecraft:mob_kills":38,"minecraft:drop":10,"minecraft:damage_dealt":3156,"minecraft:swim_one_cm":1696,"minecraft:interact_with_crafting_table":3,"minecraft:fly_one_cm":119828,"minecraft:crouch_one_cm":1531,"minecraft:play_time":17118,"minecraft:deaths":1,"minecraft:sneak_time":653,"minecraft:walk_under_water_one_cm":455,"minecraft:jump":534,"minecraft:time_since_death":3453,"minecraft:walk_on_water_one_cm":298,"minecraft:total_world_time":17118,"minecraft:fall_one_cm":13947},"minecraft:dropped":{"minecraft:porkchop":6,"minecraft:mutton":2,"minecraft:wooden_pickaxe":1,"minecraft:white_wool":1},"minecraft:crafted":{"minecraft:oak_planks":116,"minecraft:crafting_table":1,"minecraft:stick":60,"minecraft:wooden_pickaxe":1,"minecraft:stone_pickaxe":1,"minecraft:stone_axe":1},"minecraft:picked_up":{"minecraft:wooden_axe":1,"minecraft:birch_log":7,"minecraft:stick":54,"minecraft:crafting_table":4,"minecraft:cooked_beef":3,"minecraft:feather":24,"minecraft:chicken":26,"minecraft:brown_wool":1,"minecraft:leather":17,"minecraft:torch":12,"minecraft:acacia_log":4,"minecraft:porkchop":19,"minecraft:flint":3,"minecraft:oak_log":29,"minecraft:dirt":1,"minecraft:rotten_flesh":1,"minecraft:stone_axe":1,"minecraft:wheat_seeds":2,"minecraft:beef":41,"minecraft:stone_pickaxe":2,"minecraft:iron_nugget":17,"minecraft:wooden_shovel":1,"minecraft:obsidian":3,"minecraft:oak_sapling":2,"minecraft:oak_planks":224,"minecraft:sugar_cane":14,"minecraft:mutton":3,"minecraft:coal":83,"minecraft:sunflower":2,"minecraft:white_wool":4,"minecraft:cobblestone":9,"minecraft:egg":3},"minecraft:killed":{"minecraft:sheep":3,"minecraft:zombie":1,"minecraft:pig":10,"minecraft:chicken":13,"minecraft:cow":11}},"DataVersion":3953}