{"stats":{"minecraft:broken":{"minecraft:iron_shovel":2,"minecraft:stone_axe":1,"minecraft:stone_shovel":30},"minecraft:mined":{"minecraft:white_bed":2,"minecraft:kelp_plant":2,"minecraft:dandelion":1,"minecraft:crafting_table":3,"minecraft:short_grass":121,"minecraft:grass_block":2483,"minecraft:chest":1,"minecraft:tall_grass":21,"minecraft:composter":2,"minecraft:sugar_cane":6,"minecraft:oak_planks":6,"minecraft:kelp":1,"minecraft:seagrass":1,"minecraft:furnace":1,"minecraft:carrots":14,"minecraft:wheat":25,"minecraft:fire":1,"minecraft:pumpkin":11,"minecraft:potatoes":6,"minecraft:oak_log":29,"minecraft:coal_ore":55,"minecraft:beetroots":3,"minecraft:sand":51,"minecraft:sunflower":14,"minecraft:dirt":1773,"minecraft:stonecutter":1,"minecraft:stone":84,"minecraft:white_wool":3,"minecraft:oak_leaves":5},"minecraft:killed_by":{"minecraft:skeleton":3,"minecraft:creeper":1,"minecraft:zombie":2},"minecraft:custom":{"minecraft:interact_with_furnace":12,"minecraft:mob_kills":73,"minecraft:interact_with_crafting_table":30,"minecraft:leave_game":4,"minecraft:time_since_death":16659,"minecraft:sleep_in_bed":10,"minecraft:time_since_rest":16694,"minecraft:sprint_one_cm":201604,"minecraft:damage_taken":2126,"minecraft:walk_one_cm":816629,"minecraft:damage_blocked_by_shield":1088,"minecraft:drop":74,"minecraft:damage_dealt":10273,"minecraft:swim_one_cm":27938,"minecraft:talked_to_villager":9,"minecraft:fly_one_cm":448570,"minecraft:open_chest":20,"minecraft:crouch_one_cm":7153,"minecraft:play_time":149563,"minecraft:sneak_time":1996,"minecraft:deaths":6,"minecraft:walk_under_water_one_cm":3670,"minecraft:boat_one_cm":604328,"minecraft:jump":2071,"minecraft:walk_on_water_one_cm":17129,"minecraft:total_world_time":149563,"minecraft:fall_one_cm":48589,"minecraft:horse_one_cm":3663},"minecraft:used":{"minecraft:wheat_seeds":11,"minecraft:iron_shovel":280,"minecraft:birch_planks":1,"minecraft:stone_pickaxe":147,"minecraft:stone_shovel":4109,"minecraft:oak_planks":3,"minecraft:shield":16,"minecraft:chest":4,"minecraft:wooden_pickaxe":16,"minecraft:cooked_chicken":4,"minecraft:white_wool":5,"minecraft:torch":10,"minecraft:dirt":264,"minecraft:sand":25,"minecraft:crafting_table":6,"minecraft:white_bed":3,"minecraft:carrot":10,"minecraft:wooden_axe":1,"minecraft:sunflower":17,"minecraft:brown_wool":1,"minecraft:bow":2,"minecraft:beef":1,"minecraft:stone_axe":171,"minecraft:cobblestone":1,"minecraft:oak_sapling":2,"minecraft:furnace":1,"minecraft:porkchop":2,"minecraft:oak_boat":10,"minecraft:egg":3,"minecraft:cooked_beef":3},"minecraft:crafted":{"minecraft:oak_planks":120,"minecraft:stone_shovel":32,"minecraft:crafting_table":2,"minecraft:wooden_pickaxe":1,"minecraft:cooked_chicken":4,"minecraft:furnace":1,"minecraft:stone_axe":4,"minecraft:air":0,"minecraft:oak_boat":4,"minecraft:shield":1,"minecraft:stick":112,"minecraft:iron_pickaxe":1,"minecraft:stone_pickaxe":1,"minecraft:iron_shovel":1,"minecraft:chest":3},"minecraft:dropped":{"minecraft:stone_axe":3,"minecraft:kelp":5,"minecraft:porkchop":6,"minecraft:birch_planks":4,"minecraft:wheat_seeds":15,"minecraft:iron_nugget":1,"minecraft:rotten_flesh":22,"minecraft:oak_planks":88,"minecraft:poppy":1,"minecraft:mutton":6,"minecraft:wooden_axe":1,"minecraft:beetroot_seeds":3,"minecraft:sand":12,"minecraft:pumpkin":25,"minecraft:sunflower":7,"minecraft:wooden_pickaxe":1,"minecraft:beef":37,"minecraft:white_wool":4,"minecraft:dandelion":1},"minecraft:picked_up":{"minecraft:wooden_axe":1,"minecraft:birch_log":7,"minecraft:crafting_table":5,"minecraft:feather":24,"minecraft:cooked_beef":3,"minecraft:chicken":26,"minecraft:brown_wool":1,"minecraft:leather":24,"minecraft:potato":15,"minecraft:birch_planks":5,"minecraft:flint":9,"minecraft:oak_log":30,"minecraft:shield":5,"minecraft:gunpowder":1,"minecraft:dirt":4885,"minecraft:wooden_sword":1,"minecraft:iron_shovel":1,"minecraft:bone":8,"minecraft:bow":2,"minecraft:kelp":5,"minecraft:stonecutter":6,"minecraft:wheat_seeds":111,"minecraft:iron_pickaxe":5,"minecraft:iron_ingot":5,"minecraft:beef":59,"minecraft:stone_pickaxe":7,"minecraft:oak_boat":6,"minecraft:iron_nugget":18,"minecraft:wooden_shovel":1,"minecraft:poppy":1,"minecraft:sugar_cane":21,"minecraft:chest":1,"minecraft:oak_planks":701,"minecraft:egg":3,"minecraft:stick":136,"minecraft:pumpkin":25,"minecraft:composter":2,"minecraft:torch":34,"minecraft:acacia_log":4,"minecraft:dandelion":1,"minecraft:porkchop":22,"minecraft:sand":50,"minecraft:carrot":34,"minecraft:white_bed":3,"minecraft:arrow":11,"minecraft:stone_shovel":14,"minecraft:rotten_flesh":36,"minecraft:stone_axe":7,"minecraft:beetroot_seeds":3,"minecraft:oak_sapling":2,"minecraft:obsidian":3,"minecraft:mutton":7,"minecraft:coal":419,"minecraft:white_wool":9,"minecraft:cobblestone":252,"minecraft:sunflower":26},"minecraft:killed":{"minecraft:pig":11,"minecraft:iron_golem":1,"minecraft:creeper":1,"minecraft:sheep":6,"minecraft:skeleton":5,"minecraft:zombie":18,"minecraft:chicken":13,"minecraft:cow":17}},"DataVersion":3953}