{"stats":{"minecraft:broken":{"minecraft:iron_shovel":2,"minecraft:stone_axe":1,"minecraft:stone_shovel":40},"minecraft:mined":{"minecraft:white_bed":2,"minecraft:grass_block":3460,"minecraft:composter":2,"minecraft:kelp":3,"minecraft:furnace":1,"minecraft:carrots":14,"minecraft:fire":1,"minecraft:pumpkin":11,"minecraft:potatoes":6,"minecraft:stone":87,"minecraft:white_wool":3,"minecraft:kelp_plant":4,"minecraft:dandelion":3,"minecraft:crafting_table":3,"minecraft:torch":1,"minecraft:short_grass":188,"minecraft:chest":1,"minecraft:tall_grass":26,"minecraft:sugar_cane":6,"minecraft:oak_planks":6,"minecraft:seagrass":1,"minecraft:wheat":25,"minecraft:oak_log":29,"minecraft:coal_ore":55,"minecraft:beetroots":3,"minecraft:sunflower":14,"minecraft:gravel":1,"minecraft:sand":51,"minecraft:dirt":2115,"minecraft:stonecutter":1,"minecraft:oak_leaves":5},"minecraft:killed_by":{"minecraft:creeper":1,"minecraft:skeleton":4,"minecraft:zombie":3},"minecraft:used":{"minecraft:iron_shovel":280,"minecraft:stone_shovel":5495,"minecraft:chest":4,"minecraft:shield":16,"minecraft:cooked_chicken":5,"minecraft:torch":30,"minecraft:dirt":435,"minecraft:carrot":10,"minecraft:wooden_axe":1,"minecraft:bow":2,"minecraft:beef":1,"minecraft:furnace":2,"minecraft:oak_sapling":2,"minecraft:cooked_cod":4,"minecraft:egg":3,"minecraft:cooked_beef":3,"minecraft:wheat_seeds":11,"minecraft:birch_planks":1,"minecraft:stone_pickaxe":149,"minecraft:oak_planks":3,"minecraft:wooden_pickaxe":16,"minecraft:white_wool":5,"minecraft:sand":25,"minecraft:crafting_table":6,"minecraft:white_bed":3,"minecraft:sunflower":17,"minecraft:iron_pickaxe":1,"minecraft:brown_wool":1,"minecraft:stone_axe":209,"minecraft:cobblestone":1,"minecraft:porkchop":2,"minecraft:oak_boat":10},"minecraft:custom":{"minecraft:mob_kills":94,"minecraft:interact_with_crafting_table":35,"minecraft:leave_game":5,"minecraft:time_since_death":8804,"minecraft:sprint_one_cm":245933,"minecraft:walk_one_cm":1002297,"minecraft:damage_blocked_by_shield":1088,"minecraft:drop":89,"minecraft:talked_to_villager":9,"minecraft:play_time":183490,"minecraft:deaths":8,"minecraft:sneak_time":4016,"minecraft:walk_under_water_one_cm":13103,"minecraft:boat_one_cm":604328,"minecraft:jump":2570,"minecraft:walk_on_water_one_cm":21922,"minecraft:total_world_time":183490,"minecraft:interact_with_furnace":20,"minecraft:sleep_in_bed":13,"minecraft:time_since_rest":7699,"minecraft:damage_taken":2771,"minecraft:damage_dealt":13343,"minecraft:swim_one_cm":43961,"minecraft:fly_one_cm":560033,"minecraft:open_chest":26,"minecraft:crouch_one_cm":17767,"minecraft:fall_one_cm":58841,"minecraft:horse_one_cm":3663},"minecraft:dropped":{"minecraft:porkchop":6,"minecraft:birch_planks":4,"minecraft:wheat_seeds":24,"minecraft:feather":1,"minecraft:mutton":6,"minecraft:wooden_axe":1,"minecraft:pumpkin":25,"minecraft:sunflower":7,"minecraft:sand":12,"minecraft:white_wool":4,"minecraft:dandelion":1,"minecraft:stone_axe":3,"minecraft:kelp":6,"minecraft:iron_nugget":1,"minecraft:rotten_flesh":25,"minecraft:oak_planks":88,"minecraft:poppy":1,"minecraft:gunpowder":1,"minecraft:beetroot_seeds":3,"minecraft:wooden_pickaxe":1,"minecraft:beef":37},"minecraft:crafted":{"minecraft:oak_planks":120,"minecraft:stone_shovel":45,"minecraft:cooked_chicken":5,"minecraft:furnace":2,"minecraft:stone_pickaxe":1,"minecraft:chest":3,"minecraft:cooked_cod":4,"minecraft:crafting_table":2,"minecraft:wooden_pickaxe":1,"minecraft:stone_axe":4,"minecraft:air":0,"minecraft:oak_boat":4,"minecraft:shield":1,"minecraft:stick":140,"minecraft:iron_pickaxe":1,"minecraft:iron_shovel":1,"minecraft:torch":20},"minecraft:picked_up":{"minecraft:wooden_axe":1,"minecraft:crafting_table":5,"minecraft:azure_bluet":2,"minecraft:chicken":27,"minecraft:shield":7,"minecraft:wooden_sword":1,"minecraft:iron_shovel":1,"minecraft:beef":59,"minecraft:oak_boat":6,"minecraft:iron_nugget":18,"minecraft:wooden_shovel":1,"minecraft:poppy":2,"minecraft:iron_pickaxe":7,"minecraft:sugar_cane":21,"minecraft:chest":1,"minecraft:egg":3,"minecraft:stick":180,"minecraft:composter":2,"minecraft:torch":47,"minecraft:acacia_log":4,"minecraft:porkchop":22,"minecraft:carrot":42,"minecraft:rotten_flesh":46,"minecraft:stone_shovel":16,"minecraft:arrow":17,"minecraft:beetroot_seeds":3,"minecraft:obsidian":3,"minecraft:mutton":7,"minecraft:cod":4,"minecraft:white_wool":9,"minecraft:cobblestone":290,"minecraft:oxeye_daisy":3,"minecraft:birch_log":7,"minecraft:feather":25,"minecraft:cooked_beef":3,"minecraft:brown_wool":1,"minecraft:leather":24,"minecraft:potato":15,"minecraft:birch_planks":5,"minecraft:flint":10,"minecraft:oak_log":30,"minecraft:gunpowder":1,"minecraft:dirt":6207,"minecraft:bone":13,"minecraft:stonecutter":8,"minecraft:kelp":6,"minecraft:bow":4,"minecraft:wheat_seeds":144,"minecraft:iron_ingot":5,"minecraft:stone_pickaxe":9,"minecraft:oak_planks":831,"minecraft:pumpkin":25,"minecraft:dandelion":13,"minecraft:gravel":2,"minecraft:sand":50,"minecraft:white_bed":3,"minecraft:stone_axe":9,"minecraft:oak_sapling":2,"minecraft:coal":419,"minecraft:sunflower":26},"minecraft:killed":{"minecraft:spider":1,"minecraft:cod":6,"minecraft:skeleton":6,"minecraft:chicken":14,"minecraft:drowned":1,"minecraft:pig":11,"minecraft:iron_golem":1,"minecraft:creeper":1,"minecraft:sheep":6,"minecraft:zombie":29,"minecraft:cow":17}},"DataVersion":3953}