{"stats":{"minecraft:mined":{"minecraft:dandelion":1,"minecraft:crafting_table":3,"minecraft:short_grass":19,"minecraft:grass_block":1,"minecraft:chest":1,"minecraft:tall_grass":12,"minecraft:sugar_cane":5,"minecraft:furnace":1,"minecraft:fire":1,"minecraft:pumpkin":11,"minecraft:oak_log":29,"minecraft:coal_ore":40,"minecraft:sunflower":14,"minecraft:stone":22,"minecraft:oak_leaves":5},"minecraft:killed_by":{"minecraft:zombie":1},"minecraft:used":{"minecraft:stone_pickaxe":67,"minecraft:chest":2,"minecraft:wooden_pickaxe":16,"minecraft:cooked_chicken":3,"minecraft:dirt":1,"minecraft:crafting_table":4,"minecraft:wooden_axe":1,"minecraft:sunflower":17,"minecraft:brown_wool":1,"minecraft:stone_axe":106,"minecraft:furnace":1,"minecraft:oak_sapling":2,"minecraft:porkchop":2,"minecraft:egg":3,"minecraft:cooked_beef":3},"minecraft:custom":{"minecraft:interact_with_furnace":12,"minecraft:mob_kills":53,"minecraft:interact_with_crafting_table":9,"minecraft:time_since_death":15453,"minecraft:time_since_rest":15499,"minecraft:sprint_one_cm":92558,"minecraft:damage_taken":618,"minecraft:walk_one_cm":85586,"minecraft:drop":35,"minecraft:damage_dealt":5393,"minecraft:swim_one_cm":4250,"minecraft:fly_one_cm":197111,"minecraft:open_chest":11,"minecraft:crouch_one_cm":2211,"minecraft:play_time":29118,"minecraft:deaths":1,"minecraft:sneak_time":835,"minecraft:walk_under_water_one_cm":543,"minecraft:jump":905,"minecraft:walk_on_water_one_cm":437,"minecraft:total_world_time":29118,"minecraft:fall_one_cm":25107,"minecraft:horse_one_cm":3663},"minecraft:crafted":{"minecraft:oak_planks":116,"minecraft:crafting_table":1,"minecraft:wooden_pickaxe":1,"minecraft:cooked_chicken":4,"minecraft:furnace":1,"minecraft:stone_axe":3,"minecraft:air":0,"minecraft:stick":60,"minecraft:stone_pickaxe":1,"minecraft:chest":1},"minecraft:dropped":{"minecraft:stone_axe":3,"minecraft:birch_planks":2,"minecraft:porkchop":6,"minecraft:wheat_seeds":3,"minecraft:rotten_flesh":8,"minecraft:oak_planks":88,"minecraft:mutton":6,"minecraft:wooden_axe":1,"minecraft:pumpkin":16,"minecraft:beef":37,"minecraft:wooden_pickaxe":1,"minecraft:white_wool":4,"minecraft:dandelion":1},"minecraft:picked_up":{"minecraft:wooden_axe":1,"minecraft:birch_log":7,"minecraft:crafting_table":5,"minecraft:feather":24,"minecraft:cooked_beef":3,"minecraft:chicken":26,"minecraft:leather":22,"minecraft:brown_wool":1,"minecraft:birch_planks":2,"minecraft:flint":3,"minecraft:oak_log":29,"minecraft:dirt":1,"minecraft:wooden_sword":1,"minecraft:wheat_seeds":3,"minecraft:beef":54,"minecraft:stone_pickaxe":2,"minecraft:wooden_shovel":1,"minecraft:iron_nugget":17,"minecraft:sugar_cane":19,"minecraft:chest":1,"minecraft:oak_planks":224,"minecraft:egg":3,"minecraft:stick":54,"minecraft:pumpkin":16,"minecraft:dandelion":1,"minecraft:torch":12,"minecraft:acacia_log":4,"minecraft:porkchop":22,"minecraft:white_bed":1,"minecraft:rotten_flesh":6,"minecraft:stone_axe":2,"minecraft:oak_sapling":2,"minecraft:mutton":7,"minecraft:obsidian":3,"minecraft:coal":124,"minecraft:white_wool":7,"minecraft:cobblestone":23,"minecraft:sunflower":19},"minecraft:killed":{"minecraft:pig":11,"minecraft:sheep":6,"minecraft:zombie":6,"minecraft:chicken":13,"minecraft:cow":16}},"DataVersion":3953}