{"stats":{"minecraft:broken":{"minecraft:iron_shovel":1,"minecraft:stone_shovel":2},"minecraft:mined":{"minecraft:white_bed":2,"minecraft:kelp_plant":2,"minecraft:dandelion":1,"minecraft:crafting_table":3,"minecraft:short_grass":47,"minecraft:grass_block":259,"minecraft:chest":1,"minecraft:tall_grass":14,"minecraft:composter":2,"minecraft:sugar_cane":6,"minecraft:oak_planks":6,"minecraft:kelp":1,"minecraft:furnace":1,"minecraft:carrots":14,"minecraft:wheat":25,"minecraft:fire":1,"minecraft:pumpkin":11,"minecraft:potatoes":6,"minecraft:oak_log":29,"minecraft:coal_ore":40,"minecraft:beetroots":3,"minecraft:sand":6,"minecraft:sunflower":14,"minecraft:dirt":365,"minecraft:stonecutter":1,"minecraft:stone":30,"minecraft:white_wool":3,"minecraft:oak_leaves":5},"minecraft:killed_by":{"minecraft:zombie":1},"minecraft:custom":{"minecraft:interact_with_furnace":12,"minecraft:mob_kills":55,"minecraft:interact_with_crafting_table":18,"minecraft:leave_game":4,"minecraft:time_since_death":69898,"minecraft:sleep_in_bed":4,"minecraft:time_since_rest":18069,"minecraft:sprint_one_cm":137693,"minecraft:damage_taken":728,"minecraft:walk_one_cm":241373,"minecraft:drop":67,"minecraft:damage_dealt":6669,"minecraft:swim_one_cm":18793,"minecraft:talked_to_villager":9,"minecraft:fly_one_cm":311498,"minecraft:open_chest":13,"minecraft:crouch_one_cm":3149,"minecraft:play_time":83563,"minecraft:sneak_time":1277,"minecraft:deaths":1,"minecraft:walk_under_water_one_cm":2117,"minecraft:boat_one_cm":604328,"minecraft:jump":1428,"minecraft:walk_on_water_one_cm":9083,"minecraft:total_world_time":83563,"minecraft:fall_one_cm":37654,"minecraft:horse_one_cm":3663},"minecraft:used":{"minecraft:wheat_seeds":11,"minecraft:iron_shovel":263,"minecraft:birch_planks":1,"minecraft:stone_pickaxe":76,"minecraft:stone_shovel":379,"minecraft:oak_planks":3,"minecraft:chest":2,"minecraft:wooden_pickaxe":16,"minecraft:cooked_chicken":4,"minecraft:white_wool":5,"minecraft:torch":3,"minecraft:dirt":80,"minecraft:sand":2,"minecraft:crafting_table":6,"minecraft:white_bed":3,"minecraft:carrot":5,"minecraft:wooden_axe":1,"minecraft:sunflower":17,"minecraft:brown_wool":1,"minecraft:stone_axe":126,"minecraft:cobblestone":1,"minecraft:oak_sapling":2,"minecraft:furnace":1,"minecraft:porkchop":2,"minecraft:oak_boat":10,"minecraft:egg":3,"minecraft:cooked_beef":3},"minecraft:crafted":{"minecraft:oak_planks":120,"minecraft:stone_shovel":4,"minecraft:crafting_table":2,"minecraft:wooden_pickaxe":1,"minecraft:cooked_chicken":4,"minecraft:furnace":1,"minecraft:stone_axe":3,"minecraft:air":0,"minecraft:oak_boat":4,"minecraft:shield":1,"minecraft:stick":60,"minecraft:iron_pickaxe":1,"minecraft:stone_pickaxe":1,"minecraft:iron_shovel":1,"minecraft:chest":1},"minecraft:dropped":{"minecraft:stone_axe":3,"minecraft:kelp":5,"minecraft:porkchop":6,"minecraft:birch_planks":4,"minecraft:wheat_seeds":15,"minecraft:iron_nugget":1,"minecraft:rotten_flesh":12,"minecraft:oak_planks":88,"minecraft:poppy":1,"minecraft:mutton":6,"minecraft:wooden_axe":1,"minecraft:beetroot_seeds":3,"minecraft:pumpkin":25,"minecraft:sunflower":7,"minecraft:wooden_pickaxe":1,"minecraft:beef":37,"minecraft:white_wool":4,"minecraft:dandelion":1},"minecraft:picked_up":{"minecraft:wooden_axe":1,"minecraft:birch_log":7,"minecraft:crafting_table":5,"minecraft:feather":24,"minecraft:cooked_beef":3,"minecraft:chicken":26,"minecraft:brown_wool":1,"minecraft:leather":24,"minecraft:potato":5,"minecraft:birch_planks":5,"minecraft:flint":4,"minecraft:oak_log":30,"minecraft:dirt":618,"minecraft:wooden_sword":1,"minecraft:kelp":5,"minecraft:stonecutter":1,"minecraft:wheat_seeds":30,"minecraft:iron_ingot":5,"minecraft:beef":55,"minecraft:stone_pickaxe":2,"minecraft:oak_boat":6,"minecraft:iron_nugget":18,"minecraft:wooden_shovel":1,"minecraft:poppy":1,"minecraft:sugar_cane":21,"minecraft:chest":1,"minecraft:oak_planks":227,"minecraft:egg":3,"minecraft:stick":54,"minecraft:pumpkin":25,"minecraft:composter":2,"minecraft:torch":12,"minecraft:acacia_log":4,"minecraft:dandelion":1,"minecraft:porkchop":22,"minecraft:sand":6,"minecraft:carrot":14,"minecraft:white_bed":3,"minecraft:rotten_flesh":10,"minecraft:stone_axe":2,"minecraft:beetroot_seeds":3,"minecraft:oak_sapling":2,"minecraft:obsidian":3,"minecraft:mutton":7,"minecraft:coal":124,"minecraft:white_wool":9,"minecraft:cobblestone":31,"minecraft:sunflower":26},"minecraft:killed":{"minecraft:pig":11,"minecraft:iron_golem":1,"minecraft:sheep":6,"minecraft:zombie":6,"minecraft:chicken":13,"minecraft:cow":17}},"DataVersion":3953}