{"stats":{"minecraft:broken":{"minecraft:wooden_sword":1,"minecraft:iron_pickaxe":2,"minecraft:wooden_axe":2},"minecraft:mined":{"minecraft:tuff":18,"minecraft:white_bed":13,"minecraft:dark_oak_leaves":4,"minecraft:deepslate_diamond_ore":19,"minecraft:cherry_log":18,"minecraft:dark_oak_log":42,"minecraft:granite":39,"minecraft:acacia_log":5,"minecraft:grass_block":19,"minecraft:spruce_leaves":2,"minecraft:red_mushroom":1,"minecraft:hay_block":24,"minecraft:furnace":2,"minecraft:iron_ore":21,"minecraft:cobbled_deepslate":4,"minecraft:pumpkin":1,"minecraft:azure_bluet":1,"minecraft:bookshelf":4,"minecraft:deepslate_iron_ore":22,"minecraft:dirt_path":1,"minecraft:oak_stairs":1,"minecraft:stone":319,"minecraft:acacia_leaves":1,"minecraft:glass_pane":1,"minecraft:oak_fence":3,"minecraft:crafting_table":5,"minecraft:torch":11,"minecraft:short_grass":84,"minecraft:blast_furnace":1,"minecraft:chest":1,"minecraft:lectern":1,"minecraft:mushroom_stem":2,"minecraft:tall_grass":25,"minecraft:copper_ore":7,"minecraft:cobblestone":2,"minecraft:deepslate_gold_ore":4,"minecraft:diorite":17,"minecraft:wall_torch":10,"minecraft:pink_petals":5,"minecraft:birch_planks":12,"minecraft:birch_log":17,"minecraft:yellow_bed":9,"minecraft:oak_log":51,"minecraft:coal_ore":50,"minecraft:cherry_leaves":1,"minecraft:sunflower":13,"minecraft:gravel":3,"minecraft:dirt":9,"minecraft:cobweb":2,"minecraft:red_mushroom_block":3,"minecraft:gold_ore":4,"minecraft:oak_leaves":15,"minecraft:deepslate":162},"minecraft:killed_by":{"minecraft:creeper":2,"minecraft:iron_golem":3,"minecraft:skeleton":2,"minecraft:zombie":1},"minecraft:custom":{"minecraft:mob_kills":73,"minecraft:interact_with_crafting_table":33,"minecraft:bell_ring":259,"minecraft:leave_game":3,"minecraft:time_since_death":1514,"minecraft:climb_one_cm":872,"minecraft:sprint_one_cm":754715,"minecraft:walk_one_cm":528157,"minecraft:drop":8,"minecraft:play_time":209216,"minecraft:sneak_time":826,"minecraft:deaths":9,"minecraft:walk_under_water_one_cm":28574,"minecraft:boat_one_cm":498003,"minecraft:jump":5537,"minecraft:interact_with_blast_furnace":10,"minecraft:walk_on_water_one_cm":39523,"minecraft:total_world_time":209216,"minecraft:interact_with_furnace":82,"minecraft:sleep_in_bed":11,"minecraft:time_since_rest":1545,"minecraft:damage_taken":5250,"minecraft:damage_dealt":9598,"minecraft:swim_one_cm":92411,"minecraft:fly_one_cm":874108,"minecraft:open_chest":57,"minecraft:crouch_one_cm":2359,"minecraft:fall_one_cm":112510,"minecraft:horse_one_cm":3930},"minecraft:used":{"minecraft:oak_fence":1,"minecraft:stone_shovel":20,"minecraft:chest":1,"minecraft:iron_sword":55,"minecraft:wooden_shovel":10,"minecraft:cooked_chicken":5,"minecraft:torch":37,"minecraft:dirt":31,"minecraft:mutton":4,"minecraft:tuff":18,"minecraft:granite":3,"minecraft:dark_oak_planks":4,"minecraft:wooden_axe":187,"minecraft:iron_axe":14,"minecraft:beef":2,"minecraft:oak_sapling":1,"minecraft:furnace":7,"minecraft:cooked_beef":25,"minecraft:cobbled_deepslate":83,"minecraft:acacia_planks":7,"minecraft:wheat_seeds":1,"minecraft:diorite":1,"minecraft:birch_planks":45,"minecraft:stone_pickaxe":157,"minecraft:wooden_pickaxe":47,"minecraft:birch_boat":6,"minecraft:leather_boots":1,"minecraft:crafting_table":10,"minecraft:blast_furnace":1,"minecraft:red_mushroom":1,"minecraft:white_bed":6,"minecraft:apple":8,"minecraft:sunflower":1,"minecraft:chicken":5,"minecraft:bread":1,"minecraft:iron_pickaxe":501,"minecraft:gravel":1,"minecraft:stone_axe":40,"minecraft:wooden_sword":66,"minecraft:cobblestone":6,"minecraft:porkchop":7,"minecraft:cooked_porkchop":9,"minecraft:yellow_bed":6,"minecraft:oak_boat":8},"minecraft:dropped":{"minecraft:birch_planks":5,"minecraft:wheat_seeds":1,"minecraft:red_mushroom":1,"minecraft:wooden_axe":1,"minecraft:beetroot_seeds":1,"minecraft:yellow_bed":1,"minecraft:wooden_shovel":1,"minecraft:wooden_pickaxe":1},"minecraft:crafted":{"minecraft:wooden_sword":1,"minecraft:oak_planks":204,"minecraft:stone_shovel":1,"minecraft:birch_boat":1,"minecraft:cooked_chicken":5,"minecraft:furnace":4,"minecraft:cooked_mutton":24,"minecraft:iron_boots":1,"minecraft:iron_axe":1,"minecraft:stone_pickaxe":3,"minecraft:chest":1,"minecraft:dark_oak_planks":72,"minecraft:wheat":207,"minecraft:cooked_beef":59,"minecraft:wooden_shovel":2,"minecraft:cooked_porkchop":22,"minecraft:crafting_table":6,"minecraft:wooden_pickaxe":2,"minecraft:baked_potato":19,"minecraft:iron_sword":1,"minecraft:birch_planks":68,"minecraft:stone_axe":1,"minecraft:bread":68,"minecraft:air":0,"minecraft:oak_boat":1,"minecraft:stick":36,"minecraft:iron_pickaxe":2,"minecraft:iron_ingot":15,"minecraft:wooden_axe":4,"minecraft:stone_sword":1,"minecraft:acacia_planks":16,"minecraft:torch":60},"minecraft:picked_up":{"minecraft:crafting_table":5,"minecraft:azure_bluet":1,"minecraft:chicken":7,"minecraft:oak_stairs":1,"minecraft:string":6,"minecraft:raw_copper":23,"minecraft:iron_axe":1,"minecraft:cobbled_deepslate":358,"minecraft:beef":50,"minecraft:oak_boat":10,"minecraft:light_gray_wool":1,"minecraft:lectern":6,"minecraft:chest":1,"minecraft:furnace":3,"minecraft:dark_oak_sapling":1,"minecraft:stick":2,"minecraft:raw_iron":45,"minecraft:oak_fence":3,"minecraft:torch":129,"minecraft:acacia_log":4,"minecraft:porkchop":22,"minecraft:cherry_log":18,"minecraft:diorite":18,"minecraft:rotten_flesh":3,"minecraft:arrow":4,"minecraft:stone_shovel":5,"minecraft:beetroot_seeds":1,"minecraft:hay_block":23,"minecraft:mutton":33,"minecraft:cobblestone":318,"minecraft:white_wool":19,"minecraft:birch_log":17,"minecraft:leather_chestplate":1,"minecraft:feather":6,"minecraft:cooked_beef":157,"minecraft:brown_wool":1,"minecraft:leather":19,"minecraft:red_mushroom":2,"minecraft:potato":5,"minecraft:birch_planks":10,"minecraft:tuff":18,"minecraft:oak_log":51,"minecraft:yellow_bed":10,"minecraft:dirt":143,"minecraft:leather_boots":5,"minecraft:cooked_mutton":48,"minecraft:apple":1,"minecraft:wheat_seeds":21,"minecraft:raw_gold":8,"minecraft:iron_ingot":5,"minecraft:stone_pickaxe":5,"minecraft:iron_sword":5,"minecraft:book":36,"minecraft:cooked_porkchop":66,"minecraft:birch_boat":6,"minecraft:pumpkin":12,"minecraft:gravel":5,"minecraft:blast_furnace":1,"minecraft:white_bed":11,"minecraft:dark_oak_log":42,"minecraft:spider_eye":1,"minecraft:diamond":19,"minecraft:granite":39,"minecraft:gray_wool":1,"minecraft:baked_potato":76,"minecraft:oak_sapling":1,"minecraft:black_wool":1,"minecraft:coal":50,"minecraft:sunflower":7},"minecraft:killed":{"minecraft:spider":3,"minecraft:skeleton":1,"minecraft:chicken":7,"minecraft:pig":11,"minecraft:iron_golem":1,"minecraft:sheep":22,"minecraft:zombie":9,"minecraft:cow":19}},"DataVersion":3953}