{"stats":{"minecraft:broken":{"minecraft:wooden_sword":1,"minecraft:wooden_axe":2},"minecraft:mined":{"minecraft:acacia_leaves":1,"minecraft:white_bed":8,"minecraft:glass_pane":1,"minecraft:dark_oak_leaves":4,"minecraft:cherry_log":18,"minecraft:dark_oak_log":42,"minecraft:crafting_table":5,"minecraft:short_grass":82,"minecraft:acacia_log":5,"minecraft:blast_furnace":1,"minecraft:grass_block":11,"minecraft:chest":1,"minecraft:mushroom_stem":2,"minecraft:tall_grass":22,"minecraft:spruce_leaves":2,"minecraft:red_mushroom":1,"minecraft:pink_petals":5,"minecraft:hay_block":24,"minecraft:birch_planks":8,"minecraft:furnace":2,"minecraft:birch_log":17,"minecraft:iron_ore":14,"minecraft:pumpkin":1,"minecraft:yellow_bed":9,"minecraft:oak_log":51,"minecraft:coal_ore":41,"minecraft:dirt":1,"minecraft:oak_stairs":1,"minecraft:cherry_leaves":1,"minecraft:sunflower":13,"minecraft:red_mushroom_block":3,"minecraft:stone":66,"minecraft:oak_leaves":15},"minecraft:killed_by":{"minecraft:skeleton":2,"minecraft:creeper":1},"minecraft:custom":{"minecraft:interact_with_furnace":82,"minecraft:mob_kills":63,"minecraft:interact_with_crafting_table":29,"minecraft:leave_game":1,"minecraft:time_since_death":52737,"minecraft:sleep_in_bed":7,"minecraft:climb_one_cm":872,"minecraft:time_since_rest":1592,"minecraft:sprint_one_cm":629145,"minecraft:damage_taken":2366,"minecraft:walk_one_cm":342321,"minecraft:drop":6,"minecraft:damage_dealt":6383,"minecraft:swim_one_cm":72868,"minecraft:fly_one_cm":717852,"minecraft:open_chest":40,"minecraft:crouch_one_cm":1821,"minecraft:play_time":141190,"minecraft:deaths":4,"minecraft:sneak_time":629,"minecraft:walk_under_water_one_cm":23779,"minecraft:boat_one_cm":483885,"minecraft:jump":4265,"minecraft:interact_with_blast_furnace":7,"minecraft:walk_on_water_one_cm":32640,"minecraft:total_world_time":141190,"minecraft:fall_one_cm":81406,"minecraft:horse_one_cm":3930},"minecraft:used":{"minecraft:wheat_seeds":1,"minecraft:birch_planks":38,"minecraft:stone_shovel":1,"minecraft:stone_pickaxe":79,"minecraft:chest":1,"minecraft:wooden_pickaxe":47,"minecraft:birch_boat":6,"minecraft:iron_sword":3,"minecraft:wooden_shovel":10,"minecraft:leather_boots":1,"minecraft:cooked_chicken":4,"minecraft:dirt":9,"minecraft:mutton":4,"minecraft:crafting_table":8,"minecraft:red_mushroom":1,"minecraft:blast_furnace":1,"minecraft:white_bed":3,"minecraft:dark_oak_planks":4,"minecraft:wooden_axe":187,"minecraft:apple":8,"minecraft:sunflower":1,"minecraft:bread":1,"minecraft:chicken":5,"minecraft:stone_axe":40,"minecraft:wooden_sword":66,"minecraft:cobblestone":4,"minecraft:beef":2,"minecraft:furnace":6,"minecraft:oak_sapling":1,"minecraft:porkchop":7,"minecraft:cooked_porkchop":8,"minecraft:oak_boat":6,"minecraft:yellow_bed":6,"minecraft:cooked_beef":8,"minecraft:acacia_planks":7},"minecraft:dropped":{"minecraft:red_mushroom":1,"minecraft:wooden_axe":1,"minecraft:beetroot_seeds":1,"minecraft:yellow_bed":1,"minecraft:wooden_shovel":1,"minecraft:wooden_pickaxe":1},"minecraft:crafted":{"minecraft:cooked_beef":59,"minecraft:wooden_sword":1,"minecraft:oak_planks":204,"minecraft:wooden_shovel":2,"minecraft:stone_shovel":1,"minecraft:cooked_porkchop":22,"minecraft:crafting_table":4,"minecraft:baked_potato":19,"minecraft:birch_boat":1,"minecraft:wooden_pickaxe":2,"minecraft:cooked_chicken":5,"minecraft:iron_sword":1,"minecraft:furnace":3,"minecraft:birch_planks":68,"minecraft:stone_axe":1,"minecraft:cooked_mutton":24,"minecraft:bread":68,"minecraft:air":0,"minecraft:oak_boat":1,"minecraft:iron_boots":1,"minecraft:iron_axe":1,"minecraft:stick":32,"minecraft:iron_pickaxe":1,"minecraft:iron_ingot":14,"minecraft:stone_pickaxe":2,"minecraft:wooden_axe":4,"minecraft:stone_sword":1,"minecraft:chest":1,"minecraft:acacia_planks":16,"minecraft:dark_oak_planks":72,"minecraft:torch":60,"minecraft:wheat":207},"minecraft:picked_up":{"minecraft:birch_log":17,"minecraft:crafting_table":5,"minecraft:feather":6,"minecraft:chicken":7,"minecraft:brown_wool":1,"minecraft:leather":19,"minecraft:oak_stairs":1,"minecraft:red_mushroom":2,"minecraft:potato":1,"minecraft:birch_planks":6,"minecraft:oak_log":51,"minecraft:yellow_bed":8,"minecraft:dirt":11,"minecraft:apple":1,"minecraft:wheat_seeds":16,"minecraft:beef":50,"minecraft:oak_boat":6,"minecraft:light_gray_wool":1,"minecraft:chest":1,"minecraft:furnace":3,"minecraft:stick":2,"minecraft:dark_oak_sapling":1,"minecraft:raw_iron":14,"minecraft:birch_boat":6,"minecraft:pumpkin":12,"minecraft:acacia_log":4,"minecraft:porkchop":22,"minecraft:cherry_log":18,"minecraft:blast_furnace":1,"minecraft:white_bed":7,"minecraft:dark_oak_log":42,"minecraft:spider_eye":1,"minecraft:rotten_flesh":2,"minecraft:beetroot_seeds":1,"minecraft:hay_block":23,"minecraft:gray_wool":1,"minecraft:oak_sapling":1,"minecraft:black_wool":1,"minecraft:mutton":33,"minecraft:coal":41,"minecraft:white_wool":19,"minecraft:cobblestone":65,"minecraft:sunflower":7},"minecraft:killed":{"minecraft:pig":11,"minecraft:spider":1,"minecraft:sheep":22,"minecraft:zombie":3,"minecraft:chicken":7,"minecraft:cow":19}},"DataVersion":3953}