{"stats":{"minecraft:broken":{"minecraft:wooden_sword":1,"minecraft:wooden_axe":1},"minecraft:mined":{"minecraft:acacia_leaves":1,"minecraft:white_bed":8,"minecraft:glass_pane":1,"minecraft:dark_oak_leaves":4,"minecraft:crafting_table":3,"minecraft:short_grass":58,"minecraft:acacia_log":5,"minecraft:blast_furnace":1,"minecraft:grass_block":10,"minecraft:chest":1,"minecraft:mushroom_stem":2,"minecraft:tall_grass":14,"minecraft:spruce_leaves":2,"minecraft:red_mushroom":1,"minecraft:pink_petals":5,"minecraft:hay_block":24,"minecraft:birch_planks":7,"minecraft:birch_log":7,"minecraft:iron_ore":12,"minecraft:pumpkin":1,"minecraft:yellow_bed":7,"minecraft:oak_log":47,"minecraft:coal_ore":23,"minecraft:sunflower":13,"minecraft:red_mushroom_block":3,"minecraft:stone":8,"minecraft:oak_leaves":6},"minecraft:killed_by":{"minecraft:skeleton":2,"minecraft:creeper":1},"minecraft:used":{"minecraft:birch_planks":21,"minecraft:stone_pickaxe":36,"minecraft:wooden_pickaxe":10,"minecraft:birch_boat":6,"minecraft:wooden_shovel":10,"minecraft:leather_boots":1,"minecraft:cooked_chicken":3,"minecraft:dirt":9,"minecraft:crafting_table":5,"minecraft:red_mushroom":1,"minecraft:white_bed":3,"minecraft:wooden_axe":98,"minecraft:apple":7,"minecraft:sunflower":1,"minecraft:wooden_sword":66,"minecraft:cobblestone":4,"minecraft:oak_sapling":1,"minecraft:porkchop":7,"minecraft:cooked_porkchop":4,"minecraft:oak_boat":2,"minecraft:yellow_bed":4,"minecraft:cooked_beef":8,"minecraft:acacia_planks":7},"minecraft:custom":{"minecraft:interact_with_furnace":27,"minecraft:mob_kills":29,"minecraft:interact_with_crafting_table":15,"minecraft:leave_game":1,"minecraft:time_since_death":12271,"minecraft:sleep_in_bed":5,"minecraft:climb_one_cm":872,"minecraft:time_since_rest":12431,"minecraft:sprint_one_cm":494854,"minecraft:damage_taken":1967,"minecraft:walk_one_cm":264939,"minecraft:drop":3,"minecraft:damage_dealt":3435,"minecraft:swim_one_cm":67716,"minecraft:fly_one_cm":610777,"minecraft:open_chest":14,"minecraft:crouch_one_cm":1821,"minecraft:play_time":100724,"minecraft:deaths":4,"minecraft:sneak_time":629,"minecraft:walk_under_water_one_cm":18306,"minecraft:boat_one_cm":252770,"minecraft:jump":2747,"minecraft:walk_on_water_one_cm":28468,"minecraft:total_world_time":100724,"minecraft:fall_one_cm":70966,"minecraft:horse_one_cm":3930},"minecraft:dropped":{"minecraft:red_mushroom":1,"minecraft:beetroot_seeds":1,"minecraft:yellow_bed":1},"minecraft:crafted":{"minecraft:cooked_beef":11,"minecraft:wooden_sword":1,"minecraft:oak_planks":188,"minecraft:wooden_shovel":1,"minecraft:cooked_porkchop":4,"minecraft:crafting_table":3,"minecraft:birch_boat":1,"minecraft:wooden_pickaxe":2,"minecraft:cooked_chicken":3,"minecraft:birch_planks":28,"minecraft:air":0,"minecraft:oak_boat":1,"minecraft:stick":20,"minecraft:stone_pickaxe":1,"minecraft:wooden_axe":3,"minecraft:acacia_planks":16,"minecraft:torch":12},"minecraft:picked_up":{"minecraft:birch_log":7,"minecraft:crafting_table":3,"minecraft:brown_wool":1,"minecraft:leather":9,"minecraft:red_mushroom":2,"minecraft:potato":1,"minecraft:birch_planks":5,"minecraft:oak_log":47,"minecraft:yellow_bed":6,"minecraft:dirt":9,"minecraft:wheat_seeds":15,"minecraft:beef":27,"minecraft:oak_boat":2,"minecraft:chest":1,"minecraft:furnace":1,"minecraft:raw_iron":12,"minecraft:birch_boat":6,"minecraft:pumpkin":12,"minecraft:acacia_log":4,"minecraft:porkchop":11,"minecraft:blast_furnace":1,"minecraft:white_bed":7,"minecraft:rotten_flesh":2,"minecraft:beetroot_seeds":1,"minecraft:hay_block":23,"minecraft:gray_wool":1,"minecraft:oak_sapling":1,"minecraft:black_wool":1,"minecraft:mutton":18,"minecraft:coal":23,"minecraft:white_wool":10,"minecraft:cobblestone":8,"minecraft:sunflower":7},"minecraft:killed":{"minecraft:pig":6,"minecraft:sheep":12,"minecraft:zombie":2,"minecraft:cow":9}},"DataVersion":3953}