{"stats":{"minecraft:broken":{"minecraft:wooden_sword":1,"minecraft:wooden_axe":2},"minecraft:mined":{"minecraft:acacia_leaves":1,"minecraft:white_bed":8,"minecraft:glass_pane":1,"minecraft:dark_oak_leaves":4,"minecraft:cherry_log":18,"minecraft:dark_oak_log":42,"minecraft:crafting_table":5,"minecraft:short_grass":60,"minecraft:acacia_log":5,"minecraft:blast_furnace":1,"minecraft:grass_block":10,"minecraft:chest":1,"minecraft:mushroom_stem":2,"minecraft:tall_grass":15,"minecraft:spruce_leaves":2,"minecraft:red_mushroom":1,"minecraft:pink_petals":5,"minecraft:hay_block":24,"minecraft:birch_planks":8,"minecraft:furnace":2,"minecraft:birch_log":17,"minecraft:iron_ore":14,"minecraft:pumpkin":1,"minecraft:yellow_bed":7,"minecraft:oak_log":51,"minecraft:coal_ore":23,"minecraft:cherry_leaves":1,"minecraft:sunflower":13,"minecraft:red_mushroom_block":3,"minecraft:stone":45,"minecraft:oak_leaves":15},"minecraft:killed_by":{"minecraft:skeleton":2,"minecraft:creeper":1},"minecraft:used":{"minecraft:birch_planks":38,"minecraft:stone_pickaxe":40,"minecraft:wooden_pickaxe":47,"minecraft:birch_boat":6,"minecraft:wooden_shovel":10,"minecraft:leather_boots":1,"minecraft:cooked_chicken":3,"minecraft:dirt":9,"minecraft:mutton":4,"minecraft:crafting_table":7,"minecraft:red_mushroom":1,"minecraft:white_bed":3,"minecraft:dark_oak_planks":4,"minecraft:wooden_axe":187,"minecraft:apple":8,"minecraft:sunflower":1,"minecraft:chicken":5,"minecraft:stone_axe":38,"minecraft:wooden_sword":66,"minecraft:cobblestone":4,"minecraft:beef":2,"minecraft:furnace":2,"minecraft:oak_sapling":1,"minecraft:porkchop":7,"minecraft:cooked_porkchop":8,"minecraft:oak_boat":6,"minecraft:yellow_bed":4,"minecraft:cooked_beef":8,"minecraft:acacia_planks":7},"minecraft:custom":{"minecraft:interact_with_furnace":36,"minecraft:mob_kills":62,"minecraft:interact_with_crafting_table":19,"minecraft:leave_game":1,"minecraft:time_since_death":40737,"minecraft:sleep_in_bed":5,"minecraft:climb_one_cm":872,"minecraft:time_since_rest":40897,"minecraft:sprint_one_cm":612633,"minecraft:damage_taken":2272,"minecraft:walk_one_cm":324729,"minecraft:drop":6,"minecraft:damage_dealt":6175,"minecraft:swim_one_cm":72868,"minecraft:fly_one_cm":688632,"minecraft:open_chest":14,"minecraft:crouch_one_cm":1821,"minecraft:play_time":129190,"minecraft:deaths":4,"minecraft:sneak_time":629,"minecraft:walk_under_water_one_cm":23779,"minecraft:boat_one_cm":479100,"minecraft:jump":4148,"minecraft:walk_on_water_one_cm":32607,"minecraft:total_world_time":129190,"minecraft:fall_one_cm":79130,"minecraft:horse_one_cm":3930},"minecraft:dropped":{"minecraft:red_mushroom":1,"minecraft:wooden_axe":1,"minecraft:beetroot_seeds":1,"minecraft:yellow_bed":1,"minecraft:wooden_shovel":1,"minecraft:wooden_pickaxe":1},"minecraft:crafted":{"minecraft:cooked_beef":22,"minecraft:wooden_sword":1,"minecraft:oak_planks":204,"minecraft:wooden_shovel":2,"minecraft:stone_shovel":1,"minecraft:cooked_porkchop":8,"minecraft:crafting_table":4,"minecraft:birch_boat":1,"minecraft:wooden_pickaxe":2,"minecraft:cooked_chicken":3,"minecraft:furnace":2,"minecraft:birch_planks":68,"minecraft:stone_axe":1,"minecraft:air":0,"minecraft:oak_boat":1,"minecraft:stick":32,"minecraft:stone_pickaxe":2,"minecraft:wooden_axe":4,"minecraft:stone_sword":1,"minecraft:acacia_planks":16,"minecraft:dark_oak_planks":16,"minecraft:torch":12},"minecraft:picked_up":{"minecraft:birch_log":17,"minecraft:crafting_table":5,"minecraft:feather":6,"minecraft:chicken":7,"minecraft:brown_wool":1,"minecraft:leather":19,"minecraft:red_mushroom":2,"minecraft:potato":1,"minecraft:birch_planks":6,"minecraft:oak_log":51,"minecraft:yellow_bed":6,"minecraft:dirt":9,"minecraft:apple":1,"minecraft:wheat_seeds":15,"minecraft:beef":50,"minecraft:oak_boat":5,"minecraft:light_gray_wool":1,"minecraft:chest":1,"minecraft:furnace":3,"minecraft:stick":2,"minecraft:dark_oak_sapling":1,"minecraft:raw_iron":14,"minecraft:birch_boat":6,"minecraft:pumpkin":12,"minecraft:acacia_log":4,"minecraft:porkchop":22,"minecraft:cherry_log":18,"minecraft:blast_furnace":1,"minecraft:white_bed":7,"minecraft:dark_oak_log":42,"minecraft:spider_eye":1,"minecraft:rotten_flesh":2,"minecraft:beetroot_seeds":1,"minecraft:hay_block":23,"minecraft:gray_wool":1,"minecraft:oak_sapling":1,"minecraft:black_wool":1,"minecraft:mutton":33,"minecraft:coal":23,"minecraft:white_wool":19,"minecraft:cobblestone":45,"minecraft:sunflower":7},"minecraft:killed":{"minecraft:pig":11,"minecraft:spider":1,"minecraft:sheep":22,"minecraft:zombie":2,"minecraft:chicken":7,"minecraft:cow":19}},"DataVersion":3953}