{"stats":{"minecraft:broken":{"minecraft:wooden_sword":1,"minecraft:wooden_axe":2},"minecraft:mined":{"minecraft:tuff":1,"minecraft:white_bed":8,"minecraft:dark_oak_leaves":4,"minecraft:deepslate_diamond_ore":18,"minecraft:cherry_log":18,"minecraft:dark_oak_log":42,"minecraft:granite":30,"minecraft:acacia_log":5,"minecraft:grass_block":16,"minecraft:spruce_leaves":2,"minecraft:red_mushroom":1,"minecraft:hay_block":24,"minecraft:furnace":2,"minecraft:iron_ore":21,"minecraft:cobbled_deepslate":1,"minecraft:pumpkin":1,"minecraft:azure_bluet":1,"minecraft:deepslate_iron_ore":16,"minecraft:oak_stairs":1,"minecraft:stone":139,"minecraft:acacia_leaves":1,"minecraft:glass_pane":1,"minecraft:oak_fence":1,"minecraft:torch":5,"minecraft:crafting_table":5,"minecraft:short_grass":83,"minecraft:blast_furnace":1,"minecraft:chest":1,"minecraft:mushroom_stem":2,"minecraft:cobblestone":2,"minecraft:copper_ore":2,"minecraft:tall_grass":22,"minecraft:deepslate_gold_ore":4,"minecraft:wall_torch":3,"minecraft:pink_petals":5,"minecraft:birch_planks":12,"minecraft:birch_log":17,"minecraft:yellow_bed":9,"minecraft:coal_ore":41,"minecraft:oak_log":51,"minecraft:cherry_leaves":1,"minecraft:sunflower":13,"minecraft:gravel":1,"minecraft:dirt":6,"minecraft:cobweb":2,"minecraft:red_mushroom_block":3,"minecraft:oak_leaves":15,"minecraft:deepslate":77},"minecraft:killed_by":{"minecraft:creeper":1,"minecraft:skeleton":2},"minecraft:custom":{"minecraft:mob_kills":68,"minecraft:interact_with_crafting_table":32,"minecraft:leave_game":1,"minecraft:time_since_death":88737,"minecraft:climb_one_cm":872,"minecraft:sprint_one_cm":680640,"minecraft:walk_one_cm":440817,"minecraft:drop":7,"minecraft:play_time":177190,"minecraft:deaths":4,"minecraft:sneak_time":743,"minecraft:walk_under_water_one_cm":28574,"minecraft:boat_one_cm":483885,"minecraft:jump":4766,"minecraft:interact_with_blast_furnace":10,"minecraft:walk_on_water_one_cm":38965,"minecraft:total_world_time":177190,"minecraft:interact_with_furnace":82,"minecraft:sleep_in_bed":7,"minecraft:time_since_rest":37592,"minecraft:damage_taken":3231,"minecraft:damage_dealt":7505,"minecraft:swim_one_cm":92411,"minecraft:fly_one_cm":761696,"minecraft:open_chest":49,"minecraft:crouch_one_cm":2158,"minecraft:fall_one_cm":95110,"minecraft:horse_one_cm":3930},"minecraft:used":{"minecraft:oak_fence":1,"minecraft:stone_shovel":11,"minecraft:chest":1,"minecraft:iron_sword":21,"minecraft:wooden_shovel":10,"minecraft:cooked_chicken":5,"minecraft:torch":22,"minecraft:dirt":19,"minecraft:mutton":4,"minecraft:tuff":1,"minecraft:granite":3,"minecraft:wooden_axe":187,"minecraft:dark_oak_planks":4,"minecraft:iron_axe":5,"minecraft:beef":2,"minecraft:oak_sapling":1,"minecraft:furnace":7,"minecraft:cooked_beef":17,"minecraft:cobbled_deepslate":8,"minecraft:acacia_planks":7,"minecraft:wheat_seeds":1,"minecraft:birch_planks":45,"minecraft:stone_pickaxe":79,"minecraft:birch_boat":6,"minecraft:wooden_pickaxe":47,"minecraft:leather_boots":1,"minecraft:crafting_table":9,"minecraft:red_mushroom":1,"minecraft:blast_furnace":1,"minecraft:white_bed":3,"minecraft:apple":8,"minecraft:sunflower":1,"minecraft:chicken":5,"minecraft:bread":1,"minecraft:iron_pickaxe":232,"minecraft:gravel":1,"minecraft:stone_axe":40,"minecraft:wooden_sword":66,"minecraft:cobblestone":6,"minecraft:cooked_porkchop":8,"minecraft:porkchop":7,"minecraft:yellow_bed":6,"minecraft:oak_boat":6},"minecraft:dropped":{"minecraft:birch_planks":5,"minecraft:red_mushroom":1,"minecraft:wooden_axe":1,"minecraft:beetroot_seeds":1,"minecraft:yellow_bed":1,"minecraft:wooden_shovel":1,"minecraft:wooden_pickaxe":1},"minecraft:crafted":{"minecraft:wooden_sword":1,"minecraft:oak_planks":204,"minecraft:stone_shovel":1,"minecraft:birch_boat":1,"minecraft:cooked_chicken":5,"minecraft:furnace":4,"minecraft:cooked_mutton":24,"minecraft:iron_boots":1,"minecraft:iron_axe":1,"minecraft:stone_pickaxe":2,"minecraft:chest":1,"minecraft:dark_oak_planks":72,"minecraft:wheat":207,"minecraft:cooked_beef":59,"minecraft:wooden_shovel":2,"minecraft:cooked_porkchop":22,"minecraft:crafting_table":5,"minecraft:wooden_pickaxe":2,"minecraft:baked_potato":19,"minecraft:iron_sword":1,"minecraft:birch_planks":68,"minecraft:stone_axe":1,"minecraft:bread":68,"minecraft:air":0,"minecraft:oak_boat":1,"minecraft:stick":32,"minecraft:iron_ingot":15,"minecraft:iron_pickaxe":2,"minecraft:wooden_axe":4,"minecraft:stone_sword":1,"minecraft:acacia_planks":16,"minecraft:torch":60},"minecraft:picked_up":{"minecraft:crafting_table":5,"minecraft:azure_bluet":1,"minecraft:chicken":7,"minecraft:oak_stairs":1,"minecraft:string":4,"minecraft:raw_copper":7,"minecraft:cobbled_deepslate":85,"minecraft:beef":50,"minecraft:oak_boat":6,"minecraft:light_gray_wool":1,"minecraft:chest":1,"minecraft:furnace":3,"minecraft:dark_oak_sapling":1,"minecraft:stick":2,"minecraft:raw_iron":39,"minecraft:oak_fence":1,"minecraft:torch":9,"minecraft:acacia_log":4,"minecraft:porkchop":22,"minecraft:cherry_log":18,"minecraft:arrow":4,"minecraft:rotten_flesh":2,"minecraft:beetroot_seeds":1,"minecraft:hay_block":23,"minecraft:mutton":33,"minecraft:cobblestone":139,"minecraft:white_wool":19,"minecraft:birch_log":17,"minecraft:feather":6,"minecraft:leather":19,"minecraft:brown_wool":1,"minecraft:red_mushroom":2,"minecraft:potato":1,"minecraft:birch_planks":10,"minecraft:tuff":1,"minecraft:oak_log":51,"minecraft:yellow_bed":8,"minecraft:dirt":21,"minecraft:apple":1,"minecraft:wheat_seeds":16,"minecraft:raw_gold":4,"minecraft:pumpkin":12,"minecraft:birch_boat":6,"minecraft:gravel":1,"minecraft:blast_furnace":1,"minecraft:white_bed":7,"minecraft:dark_oak_log":42,"minecraft:spider_eye":1,"minecraft:diamond":18,"minecraft:granite":30,"minecraft:gray_wool":1,"minecraft:oak_sapling":1,"minecraft:black_wool":1,"minecraft:coal":41,"minecraft:sunflower":7},"minecraft:killed":{"minecraft:spider":2,"minecraft:skeleton":1,"minecraft:chicken":7,"minecraft:pig":11,"minecraft:sheep":22,"minecraft:zombie":6,"minecraft:cow":19}},"DataVersion":3953}