{"stats":{"minecraft:mined":{"minecraft:acacia_leaves":1,"minecraft:white_bed":4,"minecraft:crafting_table":3,"minecraft:short_grass":17,"minecraft:acacia_log":5,"minecraft:blast_furnace":1,"minecraft:grass_block":7,"minecraft:chest":1,"minecraft:tall_grass":5,"minecraft:hay_block":24,"minecraft:birch_log":7,"minecraft:iron_ore":6,"minecraft:pumpkin":1,"minecraft:coal_ore":6,"minecraft:oak_log":41,"minecraft:sunflower":13,"minecraft:stone":5,"minecraft:oak_leaves":3},"minecraft:killed_by":{"minecraft:skeleton":2,"minecraft:creeper":1},"minecraft:used":{"minecraft:stone_pickaxe":10,"minecraft:birch_boat":1,"minecraft:wooden_pickaxe":10,"minecraft:wooden_shovel":9,"minecraft:dirt":6,"minecraft:crafting_table":4,"minecraft:white_bed":2,"minecraft:wooden_axe":88,"minecraft:sunflower":1,"minecraft:wooden_sword":63,"minecraft:cobblestone":1,"minecraft:porkchop":3,"minecraft:oak_sapling":1,"minecraft:cooked_porkchop":4,"minecraft:cooked_beef":4},"minecraft:custom":{"minecraft:interact_with_furnace":27,"minecraft:mob_kills":25,"minecraft:interact_with_crafting_table":13,"minecraft:time_since_death":22853,"minecraft:sleep_in_bed":1,"minecraft:climb_one_cm":872,"minecraft:time_since_rest":3070,"minecraft:sprint_one_cm":127578,"minecraft:damage_taken":1474,"minecraft:walk_one_cm":102819,"minecraft:damage_dealt":2728,"minecraft:swim_one_cm":58822,"minecraft:fly_one_cm":272810,"minecraft:open_chest":10,"minecraft:crouch_one_cm":62,"minecraft:play_time":40841,"minecraft:deaths":3,"minecraft:sneak_time":30,"minecraft:walk_under_water_one_cm":8601,"minecraft:boat_one_cm":42591,"minecraft:jump":1180,"minecraft:walk_on_water_one_cm":13169,"minecraft:total_world_time":40841,"minecraft:fall_one_cm":29552,"minecraft:horse_one_cm":3930},"minecraft:crafted":{"minecraft:cooked_beef":11,"minecraft:wooden_sword":1,"minecraft:oak_planks":164,"minecraft:wooden_shovel":1,"minecraft:cooked_porkchop":4,"minecraft:crafting_table":2,"minecraft:birch_boat":1,"minecraft:wooden_pickaxe":1,"minecraft:cooked_chicken":3,"minecraft:birch_planks":28,"minecraft:air":0,"minecraft:stick":12,"minecraft:stone_pickaxe":1,"minecraft:wooden_axe":2,"minecraft:acacia_planks":16,"minecraft:torch":12},"minecraft:picked_up":{"minecraft:birch_log":7,"minecraft:crafting_table":3,"minecraft:brown_wool":1,"minecraft:leather":9,"minecraft:potato":1,"minecraft:oak_log":41,"minecraft:dirt":6,"minecraft:wheat_seeds":10,"minecraft:beef":27,"minecraft:chest":1,"minecraft:furnace":1,"minecraft:raw_iron":6,"minecraft:pumpkin":12,"minecraft:acacia_log":4,"minecraft:porkchop":7,"minecraft:blast_furnace":1,"minecraft:white_bed":5,"minecraft:rotten_flesh":2,"minecraft:beetroot_seeds":1,"minecraft:hay_block":23,"minecraft:gray_wool":1,"minecraft:oak_sapling":1,"minecraft:black_wool":1,"minecraft:mutton":15,"minecraft:coal":6,"minecraft:white_wool":7,"minecraft:cobblestone":5,"minecraft:sunflower":7},"minecraft:killed":{"minecraft:pig":4,"minecraft:sheep":10,"minecraft:zombie":2,"minecraft:cow":9}},"DataVersion":3953}