{"stats":{"minecraft:broken":{"minecraft:wooden_sword":1,"minecraft:wooden_axe":1},"minecraft:mined":{"minecraft:acacia_leaves":1,"minecraft:white_bed":8,"minecraft:glass_pane":1,"minecraft:crafting_table":3,"minecraft:short_grass":57,"minecraft:acacia_log":5,"minecraft:blast_furnace":1,"minecraft:grass_block":10,"minecraft:chest":1,"minecraft:tall_grass":14,"minecraft:spruce_leaves":2,"minecraft:pink_petals":5,"minecraft:hay_block":24,"minecraft:birch_planks":7,"minecraft:birch_log":7,"minecraft:iron_ore":12,"minecraft:pumpkin":1,"minecraft:yellow_bed":7,"minecraft:oak_log":41,"minecraft:coal_ore":23,"minecraft:sunflower":13,"minecraft:stone":8,"minecraft:oak_leaves":5},"minecraft:killed_by":{"minecraft:skeleton":2,"minecraft:creeper":1},"minecraft:used":{"minecraft:birch_planks":21,"minecraft:stone_pickaxe":36,"minecraft:wooden_pickaxe":10,"minecraft:birch_boat":6,"minecraft:wooden_shovel":10,"minecraft:leather_boots":1,"minecraft:cooked_chicken":3,"minecraft:dirt":9,"minecraft:crafting_table":4,"minecraft:white_bed":3,"minecraft:wooden_axe":98,"minecraft:apple":7,"minecraft:sunflower":1,"minecraft:wooden_sword":66,"minecraft:cobblestone":4,"minecraft:oak_sapling":1,"minecraft:porkchop":3,"minecraft:cooked_porkchop":4,"minecraft:yellow_bed":4,"minecraft:cooked_beef":8,"minecraft:acacia_planks":7},"minecraft:custom":{"minecraft:interact_with_furnace":27,"minecraft:mob_kills":27,"minecraft:interact_with_crafting_table":13,"minecraft:leave_game":1,"minecraft:time_since_death":6271,"minecraft:sleep_in_bed":5,"minecraft:climb_one_cm":872,"minecraft:time_since_rest":6431,"minecraft:sprint_one_cm":464841,"minecraft:damage_taken":1967,"minecraft:walk_one_cm":239596,"minecraft:drop":2,"minecraft:damage_dealt":3235,"minecraft:swim_one_cm":67716,"minecraft:fly_one_cm":600614,"minecraft:open_chest":14,"minecraft:crouch_one_cm":1756,"minecraft:play_time":94724,"minecraft:deaths":4,"minecraft:sneak_time":506,"minecraft:walk_under_water_one_cm":18023,"minecraft:boat_one_cm":228227,"minecraft:jump":2634,"minecraft:walk_on_water_one_cm":28299,"minecraft:total_world_time":94724,"minecraft:fall_one_cm":69592,"minecraft:horse_one_cm":3930},"minecraft:dropped":{"minecraft:beetroot_seeds":1,"minecraft:yellow_bed":1},"minecraft:crafted":{"minecraft:cooked_beef":11,"minecraft:wooden_sword":1,"minecraft:oak_planks":164,"minecraft:wooden_shovel":1,"minecraft:cooked_porkchop":4,"minecraft:crafting_table":2,"minecraft:birch_boat":1,"minecraft:wooden_pickaxe":1,"minecraft:cooked_chicken":3,"minecraft:birch_planks":28,"minecraft:air":0,"minecraft:stick":12,"minecraft:stone_pickaxe":1,"minecraft:wooden_axe":2,"minecraft:acacia_planks":16,"minecraft:torch":12},"minecraft:picked_up":{"minecraft:birch_log":7,"minecraft:crafting_table":3,"minecraft:brown_wool":1,"minecraft:leather":9,"minecraft:potato":1,"minecraft:birch_planks":5,"minecraft:oak_log":41,"minecraft:yellow_bed":6,"minecraft:dirt":9,"minecraft:wheat_seeds":15,"minecraft:beef":27,"minecraft:chest":1,"minecraft:furnace":1,"minecraft:raw_iron":12,"minecraft:birch_boat":6,"minecraft:pumpkin":12,"minecraft:acacia_log":4,"minecraft:porkchop":7,"minecraft:blast_furnace":1,"minecraft:white_bed":7,"minecraft:rotten_flesh":2,"minecraft:beetroot_seeds":1,"minecraft:hay_block":23,"minecraft:gray_wool":1,"minecraft:oak_sapling":1,"minecraft:black_wool":1,"minecraft:mutton":18,"minecraft:coal":23,"minecraft:white_wool":10,"minecraft:cobblestone":8,"minecraft:sunflower":7},"minecraft:killed":{"minecraft:pig":4,"minecraft:sheep":12,"minecraft:zombie":2,"minecraft:cow":9}},"DataVersion":3953}