{"stats":{"minecraft:broken":{"minecraft:wooden_sword":1},"minecraft:mined":{"minecraft:acacia_leaves":1,"minecraft:white_bed":5,"minecraft:crafting_table":3,"minecraft:short_grass":18,"minecraft:acacia_log":5,"minecraft:blast_furnace":1,"minecraft:grass_block":7,"minecraft:chest":1,"minecraft:tall_grass":5,"minecraft:hay_block":24,"minecraft:birch_planks":7,"minecraft:birch_log":7,"minecraft:iron_ore":6,"minecraft:pumpkin":1,"minecraft:yellow_bed":2,"minecraft:coal_ore":6,"minecraft:oak_log":41,"minecraft:sunflower":13,"minecraft:stone":5,"minecraft:oak_leaves":3},"minecraft:killed_by":{"minecraft:skeleton":2,"minecraft:creeper":1},"minecraft:used":{"minecraft:birch_planks":6,"minecraft:stone_pickaxe":10,"minecraft:birch_boat":2,"minecraft:wooden_pickaxe":10,"minecraft:wooden_shovel":9,"minecraft:dirt":6,"minecraft:crafting_table":4,"minecraft:white_bed":3,"minecraft:wooden_axe":95,"minecraft:sunflower":1,"minecraft:wooden_sword":66,"minecraft:cobblestone":1,"minecraft:porkchop":3,"minecraft:oak_sapling":1,"minecraft:cooked_porkchop":4,"minecraft:cooked_beef":6},"minecraft:custom":{"minecraft:interact_with_furnace":27,"minecraft:mob_kills":27,"minecraft:interact_with_crafting_table":13,"minecraft:time_since_death":34853,"minecraft:sleep_in_bed":2,"minecraft:climb_one_cm":872,"minecraft:time_since_rest":1751,"minecraft:sprint_one_cm":195882,"minecraft:damage_taken":1524,"minecraft:walk_one_cm":129617,"minecraft:damage_dealt":2918,"minecraft:swim_one_cm":60360,"minecraft:fly_one_cm":348539,"minecraft:open_chest":12,"minecraft:crouch_one_cm":239,"minecraft:play_time":52841,"minecraft:deaths":3,"minecraft:sneak_time":137,"minecraft:walk_under_water_one_cm":11464,"minecraft:boat_one_cm":67323,"minecraft:jump":1489,"minecraft:walk_on_water_one_cm":17915,"minecraft:total_world_time":52841,"minecraft:fall_one_cm":39403,"minecraft:horse_one_cm":3930},"minecraft:crafted":{"minecraft:cooked_beef":11,"minecraft:wooden_sword":1,"minecraft:oak_planks":164,"minecraft:wooden_shovel":1,"minecraft:cooked_porkchop":4,"minecraft:crafting_table":2,"minecraft:birch_boat":1,"minecraft:wooden_pickaxe":1,"minecraft:cooked_chicken":3,"minecraft:birch_planks":28,"minecraft:air":0,"minecraft:stick":12,"minecraft:stone_pickaxe":1,"minecraft:wooden_axe":2,"minecraft:acacia_planks":16,"minecraft:torch":12},"minecraft:picked_up":{"minecraft:birch_log":7,"minecraft:crafting_table":3,"minecraft:brown_wool":1,"minecraft:leather":9,"minecraft:potato":1,"minecraft:birch_planks":5,"minecraft:oak_log":41,"minecraft:dirt":6,"minecraft:wheat_seeds":11,"minecraft:beef":27,"minecraft:chest":1,"minecraft:furnace":1,"minecraft:raw_iron":6,"minecraft:birch_boat":2,"minecraft:pumpkin":12,"minecraft:acacia_log":4,"minecraft:porkchop":7,"minecraft:blast_furnace":1,"minecraft:white_bed":6,"minecraft:rotten_flesh":2,"minecraft:beetroot_seeds":1,"minecraft:hay_block":23,"minecraft:gray_wool":1,"minecraft:oak_sapling":1,"minecraft:black_wool":1,"minecraft:mutton":18,"minecraft:coal":6,"minecraft:white_wool":10,"minecraft:cobblestone":5,"minecraft:sunflower":7},"minecraft:killed":{"minecraft:pig":4,"minecraft:sheep":12,"minecraft:zombie":2,"minecraft:cow":9}},"DataVersion":3953}