{"stats":{"minecraft:mined":{"minecraft:acacia_leaves":1,"minecraft:birch_log":7,"minecraft:pumpkin":1,"minecraft:crafting_table":3,"minecraft:short_grass":11,"minecraft:acacia_log":5,"minecraft:grass_block":7,"minecraft:oak_log":41,"minecraft:coal_ore":6,"minecraft:chest":1,"minecraft:sunflower":13,"minecraft:tall_grass":5,"minecraft:stone":4,"minecraft:oak_leaves":3},"minecraft:killed_by":{"minecraft:skeleton":2,"minecraft:creeper":1},"minecraft:used":{"minecraft:wooden_axe":58,"minecraft:sunflower":1,"minecraft:wooden_pickaxe":10,"minecraft:wooden_shovel":9,"minecraft:wooden_sword":50,"minecraft:dirt":6,"minecraft:crafting_table":3,"minecraft:cooked_porkchop":3,"minecraft:oak_sapling":1,"minecraft:porkchop":3,"minecraft:cooked_beef":3},"minecraft:custom":{"minecraft:time_since_rest":10881,"minecraft:interact_with_furnace":27,"minecraft:sprint_one_cm":75502,"minecraft:damage_taken":1414,"minecraft:walk_one_cm":73095,"minecraft:mob_kills":19,"minecraft:damage_dealt":2182,"minecraft:swim_one_cm":45979,"minecraft:interact_with_crafting_table":12,"minecraft:fly_one_cm":189839,"minecraft:open_chest":9,"minecraft:crouch_one_cm":62,"minecraft:play_time":28841,"minecraft:deaths":3,"minecraft:sneak_time":30,"minecraft:walk_under_water_one_cm":7838,"minecraft:jump":836,"minecraft:time_since_death":10853,"minecraft:walk_on_water_one_cm":10044,"minecraft:total_world_time":28841,"minecraft:fall_one_cm":22490,"minecraft:horse_one_cm":3930},"minecraft:crafted":{"minecraft:cooked_beef":11,"minecraft:wooden_sword":1,"minecraft:oak_planks":164,"minecraft:wooden_shovel":1,"minecraft:cooked_porkchop":4,"minecraft:crafting_table":1,"minecraft:stick":12,"minecraft:cooked_chicken":3,"minecraft:wooden_pickaxe":1,"minecraft:stone_pickaxe":1,"minecraft:wooden_axe":2,"minecraft:acacia_planks":16,"minecraft:torch":12,"minecraft:birch_planks":28,"minecraft:air":0},"minecraft:picked_up":{"minecraft:birch_log":7,"minecraft:crafting_table":3,"minecraft:pumpkin":3,"minecraft:leather":8,"minecraft:brown_wool":1,"minecraft:acacia_log":4,"minecraft:oak_log":41,"minecraft:white_bed":1,"minecraft:dirt":6,"minecraft:rotten_flesh":2,"minecraft:wheat_seeds":4,"minecraft:beef":21,"minecraft:gray_wool":1,"minecraft:black_wool":1,"minecraft:oak_sapling":1,"minecraft:chest":1,"minecraft:furnace":1,"minecraft:mutton":13,"minecraft:coal":6,"minecraft:sunflower":7,"minecraft:white_wool":6,"minecraft:cobblestone":4},"minecraft:killed":{"minecraft:sheep":9,"minecraft:zombie":2,"minecraft:cow":8}},"DataVersion":3953}