{"stats":{"minecraft:mined":{"minecraft:oak_log":41,"minecraft:birch_log":7,"minecraft:stone":3,"minecraft:oak_leaves":3,"minecraft:crafting_table":1},"minecraft:used":{"minecraft:wooden_axe":40,"minecraft:crafting_table":1,"minecraft:wooden_pickaxe":3},"minecraft:custom":{"minecraft:time_since_rest":4841,"minecraft:play_time":4841,"minecraft:crouch_one_cm":62,"minecraft:sprint_one_cm":1977,"minecraft:walk_one_cm":9115,"minecraft:sneak_time":14,"minecraft:walk_under_water_one_cm":1173,"minecraft:jump":50,"minecraft:walk_on_water_one_cm":1633,"minecraft:time_since_death":4841,"minecraft:total_world_time":4841,"minecraft:swim_one_cm":6013,"minecraft:interact_with_crafting_table":1,"minecraft:fall_one_cm":952,"minecraft:fly_one_cm":2681},"minecraft:crafted":{"minecraft:wooden_sword":1,"minecraft:oak_planks":20,"minecraft:wooden_shovel":1,"minecraft:crafting_table":1,"minecraft:stick":8,"minecraft:wooden_pickaxe":1,"minecraft:wooden_axe":1},"minecraft:picked_up":{"minecraft:birch_log":7,"minecraft:crafting_table":1,"minecraft:oak_log":41,"minecraft:oak_sapling":1,"minecraft:cobblestone":3}},"DataVersion":3953}