{"stats":{"minecraft:broken":{"minecraft:wooden_sword":1},"minecraft:mined":{"minecraft:acacia_leaves":1,"minecraft:white_bed":8,"minecraft:crafting_table":3,"minecraft:short_grass":54,"minecraft:acacia_log":5,"minecraft:blast_furnace":1,"minecraft:grass_block":9,"minecraft:chest":1,"minecraft:tall_grass":14,"minecraft:spruce_leaves":2,"minecraft:hay_block":24,"minecraft:birch_planks":7,"minecraft:birch_log":7,"minecraft:iron_ore":12,"minecraft:pumpkin":1,"minecraft:yellow_bed":7,"minecraft:coal_ore":23,"minecraft:oak_log":41,"minecraft:sunflower":13,"minecraft:stone":8,"minecraft:oak_leaves":5},"minecraft:killed_by":{"minecraft:skeleton":2,"minecraft:creeper":1},"minecraft:used":{"minecraft:birch_planks":21,"minecraft:stone_pickaxe":36,"minecraft:birch_boat":6,"minecraft:wooden_pickaxe":10,"minecraft:wooden_shovel":10,"minecraft:leather_boots":1,"minecraft:cooked_chicken":3,"minecraft:dirt":8,"minecraft:crafting_table":4,"minecraft:white_bed":3,"minecraft:wooden_axe":95,"minecraft:apple":5,"minecraft:sunflower":1,"minecraft:wooden_sword":66,"minecraft:cobblestone":4,"minecraft:porkchop":3,"minecraft:oak_sapling":1,"minecraft:cooked_porkchop":4,"minecraft:yellow_bed":4,"minecraft:cooked_beef":8},"minecraft:custom":{"minecraft:interact_with_furnace":27,"minecraft:mob_kills":27,"minecraft:interact_with_crafting_table":13,"minecraft:time_since_death":64853,"minecraft:sleep_in_bed":5,"minecraft:climb_one_cm":872,"minecraft:time_since_rest":4438,"minecraft:sprint_one_cm":417905,"minecraft:damage_taken":1715,"minecraft:walk_one_cm":191642,"minecraft:drop":2,"minecraft:damage_dealt":2963,"minecraft:swim_one_cm":65241,"minecraft:fly_one_cm":505371,"minecraft:open_chest":14,"minecraft:crouch_one_cm":1756,"minecraft:play_time":82841,"minecraft:deaths":3,"minecraft:sneak_time":451,"minecraft:walk_under_water_one_cm":14330,"minecraft:boat_one_cm":222001,"minecraft:jump":2199,"minecraft:walk_on_water_one_cm":24753,"minecraft:total_world_time":82841,"minecraft:fall_one_cm":60183,"minecraft:horse_one_cm":3930},"minecraft:dropped":{"minecraft:beetroot_seeds":1,"minecraft:yellow_bed":1},"minecraft:crafted":{"minecraft:cooked_beef":11,"minecraft:wooden_sword":1,"minecraft:oak_planks":164,"minecraft:wooden_shovel":1,"minecraft:cooked_porkchop":4,"minecraft:crafting_table":2,"minecraft:birch_boat":1,"minecraft:wooden_pickaxe":1,"minecraft:cooked_chicken":3,"minecraft:birch_planks":28,"minecraft:air":0,"minecraft:stick":12,"minecraft:stone_pickaxe":1,"minecraft:wooden_axe":2,"minecraft:acacia_planks":16,"minecraft:torch":12},"minecraft:picked_up":{"minecraft:birch_log":7,"minecraft:crafting_table":3,"minecraft:brown_wool":1,"minecraft:leather":9,"minecraft:potato":1,"minecraft:birch_planks":5,"minecraft:oak_log":41,"minecraft:yellow_bed":6,"minecraft:dirt":8,"minecraft:wheat_seeds":15,"minecraft:beef":27,"minecraft:chest":1,"minecraft:furnace":1,"minecraft:raw_iron":12,"minecraft:birch_boat":5,"minecraft:pumpkin":12,"minecraft:acacia_log":4,"minecraft:porkchop":7,"minecraft:blast_furnace":1,"minecraft:white_bed":7,"minecraft:rotten_flesh":2,"minecraft:beetroot_seeds":1,"minecraft:hay_block":23,"minecraft:gray_wool":1,"minecraft:oak_sapling":1,"minecraft:black_wool":1,"minecraft:mutton":18,"minecraft:coal":23,"minecraft:white_wool":10,"minecraft:cobblestone":8,"minecraft:sunflower":7},"minecraft:killed":{"minecraft:pig":4,"minecraft:sheep":12,"minecraft:zombie":2,"minecraft:cow":9}},"DataVersion":3953}