{"stats":{"minecraft:mined":{"minecraft:acacia_leaves":1,"minecraft:birch_log":7,"minecraft:crafting_table":3,"minecraft:short_grass":8,"minecraft:acacia_log":5,"minecraft:grass_block":7,"minecraft:oak_log":41,"minecraft:coal_ore":6,"minecraft:tall_grass":1,"minecraft:stone":4,"minecraft:oak_leaves":3},"minecraft:killed_by":{"minecraft:skeleton":2},"minecraft:used":{"minecraft:wooden_axe":48,"minecraft:sunflower":1,"minecraft:wooden_pickaxe":10,"minecraft:wooden_shovel":9,"minecraft:wooden_sword":16,"minecraft:dirt":6,"minecraft:crafting_table":3,"minecraft:oak_sapling":1,"minecraft:cooked_beef":3},"minecraft:custom":{"minecraft:time_since_rest":735,"minecraft:interact_with_furnace":3,"minecraft:sprint_one_cm":36711,"minecraft:damage_taken":879,"minecraft:walk_one_cm":40106,"minecraft:mob_kills":5,"minecraft:damage_dealt":703,"minecraft:swim_one_cm":19664,"minecraft:interact_with_crafting_table":9,"minecraft:fly_one_cm":95469,"minecraft:open_chest":1,"minecraft:crouch_one_cm":62,"minecraft:play_time":16841,"minecraft:deaths":2,"minecraft:sneak_time":30,"minecraft:walk_under_water_one_cm":4930,"minecraft:jump":452,"minecraft:time_since_death":711,"minecraft:walk_on_water_one_cm":6165,"minecraft:total_world_time":16841,"minecraft:fall_one_cm":11996,"minecraft:horse_one_cm":3930},"minecraft:crafted":{"minecraft:cooked_beef":6,"minecraft:wooden_sword":1,"minecraft:oak_planks":164,"minecraft:wooden_shovel":1,"minecraft:crafting_table":1,"minecraft:stick":12,"minecraft:wooden_pickaxe":1,"minecraft:stone_pickaxe":1,"minecraft:wooden_axe":1,"minecraft:torch":12},"minecraft:picked_up":{"minecraft:birch_log":7,"minecraft:crafting_table":3,"minecraft:brown_wool":1,"minecraft:acacia_log":4,"minecraft:oak_log":41,"minecraft:dirt":6,"minecraft:wheat_seeds":2,"minecraft:oak_sapling":1,"minecraft:mutton":5,"minecraft:coal":6,"minecraft:sunflower":1,"minecraft:white_wool":3,"minecraft:cobblestone":4},"minecraft:killed":{"minecraft:sheep":4,"minecraft:zombie":1}},"DataVersion":3953}